-- MySQL dump 10.13  Distrib 5.7.32, for Linux (x86_64)
--
-- Host: localhost    Database: wuage
-- ------------------------------------------------------
-- Server version	5.7.32

/*!40101 SET @OLD_CHARACTER_SET_CLIENT=@@CHARACTER_SET_CLIENT */;
/*!40101 SET @OLD_CHARACTER_SET_RESULTS=@@CHARACTER_SET_RESULTS */;
/*!40101 SET @OLD_COLLATION_CONNECTION=@@COLLATION_CONNECTION */;
/*!40101 SET NAMES utf8 */;
/*!40103 SET @OLD_TIME_ZONE=@@TIME_ZONE */;
/*!40103 SET TIME_ZONE='+00:00' */;
/*!40014 SET @OLD_UNIQUE_CHECKS=@@UNIQUE_CHECKS, UNIQUE_CHECKS=0 */;
/*!40014 SET @OLD_FOREIGN_KEY_CHECKS=@@FOREIGN_KEY_CHECKS, FOREIGN_KEY_CHECKS=0 */;
/*!40101 SET @OLD_SQL_MODE=@@SQL_MODE, SQL_MODE='NO_AUTO_VALUE_ON_ZERO' */;
/*!40111 SET @OLD_SQL_NOTES=@@SQL_NOTES, SQL_NOTES=0 */;

--
-- Current Database: `wuage`
--

CREATE DATABASE /*!32312 IF NOT EXISTS*/ `wuage` /*!40100 DEFAULT CHARACTER SET utf8 */;

USE `wuage`;

--
-- Table structure for table `sys_config`
--

DROP TABLE IF EXISTS `sys_config`;
/*!40101 SET @saved_cs_client     = @@character_set_client */;
/*!40101 SET character_set_client = utf8 */;
CREATE TABLE `sys_config` (
                              `config_id` int(11) NOT NULL AUTO_INCREMENT COMMENT '参数id',
                              `config_code` varchar(20) DEFAULT NULL COMMENT '参数代码',
                              `name` varchar(30) DEFAULT NULL COMMENT '参数名称',
                              `config_value` int(11) DEFAULT '0' COMMENT '参数值',
                              PRIMARY KEY (`config_id`) USING BTREE
) ENGINE=InnoDB AUTO_INCREMENT=6 DEFAULT CHARSET=utf8 ROW_FORMAT=COMPACT COMMENT='系统参数表';
/*!40101 SET character_set_client = @saved_cs_client */;

--
-- Dumping data for table `sys_config`
--

LOCK TABLES `sys_config` WRITE;
/*!40000 ALTER TABLE `sys_config` DISABLE KEYS */;
INSERT INTO `sys_config` VALUES (1,'MAX_LOGIN_ERROR','登录密码错误次数',6),(2,'FREEZE_HOUR','冻结时间(h)',1),(3,'CAPTCHA_SWITCH','验证码开关',1),(4,'SYSTEM_MODE','系统模式',1),(5,'LOGIN_SWITCH','登录开关',1);
/*!40000 ALTER TABLE `sys_config` ENABLE KEYS */;
UNLOCK TABLES;

--
-- Table structure for table `sys_dept`
--

DROP TABLE IF EXISTS `sys_dept`;
/*!40101 SET @saved_cs_client     = @@character_set_client */;
/*!40101 SET character_set_client = utf8 */;
CREATE TABLE `sys_dept` (
                            `dept_id` int(11) NOT NULL AUTO_INCREMENT COMMENT '部门id',
                            `dept_name` varchar(30) DEFAULT NULL COMMENT '部门名称',
                            `dept_parent_id` int(11) DEFAULT NULL COMMENT '父部门id',
                            `leader` varchar(30) DEFAULT NULL COMMENT '部门领导',
                            `phone` varchar(30) DEFAULT NULL COMMENT '部门电话',
                            `ctime` timestamp NOT NULL DEFAULT CURRENT_TIMESTAMP ON UPDATE CURRENT_TIMESTAMP COMMENT '创建时间',
                            `creater` varchar(30) DEFAULT NULL COMMENT '创建者',
                            `update_time` timestamp NOT NULL DEFAULT '0000-00-00 00:00:00' COMMENT '更新时间',
                            `update_by` varchar(30) DEFAULT '' COMMENT '更新人',
                            `remark` varchar(500) DEFAULT '' COMMENT '备注',
                            PRIMARY KEY (`dept_id`) USING BTREE
) ENGINE=InnoDB AUTO_INCREMENT=10 DEFAULT CHARSET=utf8 ROW_FORMAT=COMPACT COMMENT='部门';
/*!40101 SET character_set_client = @saved_cs_client */;

--
-- Dumping data for table `sys_dept`
--

LOCK TABLES `sys_dept` WRITE;
/*!40000 ALTER TABLE `sys_dept` DISABLE KEYS */;
INSERT INTO `sys_dept` VALUES (1,'总公司',0,'李四','13865488888','2019-12-31 09:06:07','admin','2020-10-25 08:14:55','超级管理员',''),(2,'销售部',1,'张三','13654854565','2020-06-23 06:13:50','aa','2020-10-20 03:46:43','测试',''),(5,'生产部',1,'王五','16584545514','2020-06-23 06:17:51','aa','2020-10-09 03:00:39','电饭锅后海',''),(6,'生产一车间',5,'梁七','13654854514','2020-10-12 16:07:33','aa','2020-10-12 14:51:10','超级管理员',''),(8,'销售一组',2,'吴艾克','16585465258','2020-08-24 11:33:52','aa','2020-10-09 03:00:21','电饭锅后海',''),(9,'dd',5,'dd','12312321313','2021-05-14 14:39:16','测试','0000-00-00 00:00:00','','');
/*!40000 ALTER TABLE `sys_dept` ENABLE KEYS */;
UNLOCK TABLES;

--
-- Table structure for table `sys_dept_role`
--

DROP TABLE IF EXISTS `sys_dept_role`;
/*!40101 SET @saved_cs_client     = @@character_set_client */;
/*!40101 SET character_set_client = utf8 */;
CREATE TABLE `sys_dept_role` (
                                 `dept_id` int(11) NOT NULL COMMENT '部门id',
                                 `role_id` int(11) NOT NULL COMMENT '角色id',
                                 PRIMARY KEY (`dept_id`,`role_id`) USING BTREE
) ENGINE=InnoDB DEFAULT CHARSET=utf8 ROW_FORMAT=COMPACT;
/*!40101 SET character_set_client = @saved_cs_client */;

--
-- Dumping data for table `sys_dept_role`
--

LOCK TABLES `sys_dept_role` WRITE;
/*!40000 ALTER TABLE `sys_dept_role` DISABLE KEYS */;
INSERT INTO `sys_dept_role` VALUES (1,1),(1,11),(1,12),(2,11),(5,12),(6,12),(7,11),(9,11);
/*!40000 ALTER TABLE `sys_dept_role` ENABLE KEYS */;
UNLOCK TABLES;

--
-- Table structure for table `sys_log`
--

DROP TABLE IF EXISTS `sys_log`;
/*!40101 SET @saved_cs_client     = @@character_set_client */;
/*!40101 SET character_set_client = utf8 */;
CREATE TABLE `sys_log` (
                           `log_id` int(11) NOT NULL AUTO_INCREMENT COMMENT '日志di',
                           `operator_type` tinyint(4) DEFAULT NULL COMMENT '操作来类型 1登录日志 2 操作日志',
                           `result` varchar(1000) DEFAULT NULL COMMENT '操作结果 json 数据',
                           `ip` bigint(11) DEFAULT NULL COMMENT 'ip',
                           `log_time` timestamp NOT NULL DEFAULT CURRENT_TIMESTAMP ON UPDATE CURRENT_TIMESTAMP COMMENT '操作时间',
                           `url` varchar(255) DEFAULT NULL COMMENT '请求url',
                           `description` varchar(60) DEFAULT NULL COMMENT '操作描述',
                           `param` varchar(1000) DEFAULT NULL COMMENT '请求参数',
                           `operator_name` varchar(255) DEFAULT NULL COMMENT '操作人',
                           `error_msg` varchar(1000) DEFAULT '' COMMENT '错误信息',
                           `log_title` varchar(20) DEFAULT NULL COMMENT '日志标题',
                           `operator_id` int(11) DEFAULT NULL COMMENT '操作人id',
                           `result_type` tinyint(4) DEFAULT NULL COMMENT '结果类型 0 成功 1 失败',
                           `cost_time` varchar(100) DEFAULT NULL COMMENT '花费时间',
                           PRIMARY KEY (`log_id`) USING BTREE
) ENGINE=InnoDB AUTO_INCREMENT=1189 DEFAULT CHARSET=utf8 ROW_FORMAT=COMPACT COMMENT='系统日志';
/*!40101 SET character_set_client = @saved_cs_client */;

--
-- Dumping data for table `sys_log`
--

LOCK TABLES `sys_log` WRITE;
/*!40000 ALTER TABLE `sys_log` DISABLE KEYS */;
INSERT INTO `sys_log` VALUES (900,2,'{\"code\":\"0\",\"msg\":\"success\"}',2130706433,'2020-10-09 07:14:25','/wuage/system/config',NULL,'{}','admin','','更改系统参数',1,0,'0.0030'),(901,1,'{\"code\":\"0\",\"msg\":\"success\"}',2130706433,'2020-10-09 07:15:43','/wuage/systemUser/login',NULL,'{\"loginName\":[\"admin\"],\"password\":[\"123456\"],\"captcha\":[\"dn2w\"],\"rememberMe\":[\"false\"]}','admin','','用户登录',NULL,0,'0.0120'),(902,2,'{\"code\":\"0\",\"msg\":\"success\"}',2130706433,'2020-10-09 07:16:46','/wuage/system/config',NULL,'{}','admin','','更改系统参数',1,0,'0.0050'),(903,1,'null',2130706433,'2020-10-09 07:18:39','/wuage/systemUser/login',NULL,'{\"loginName\":[\"admin\"],\"password\":[\"123456\"],\"captcha\":[\"\"],\"rememberMe\":[\"false\"]}','admin','com.wuage.framework.exception.customize.CaptchaException: 验证码不能为空！','用户登录',NULL,1,'0.0010'),(904,1,'{\"code\":\"0\",\"msg\":\"success\"}',2130706433,'2020-10-09 07:18:45','/wuage/systemUser/login',NULL,'{\"loginName\":[\"admin\"],\"password\":[\"123456\"],\"captcha\":[\"gyc8\"],\"rememberMe\":[\"false\"]}','admin','','用户登录',NULL,0,'0.0060'),(905,2,'{\"code\":\"0\",\"msg\":\"success\"}',2130706433,'2020-10-09 07:18:54','/wuage/system/config',NULL,'{}','admin','','更改系统参数',1,0,'0.0140'),(906,1,'{\"code\":\"0\",\"msg\":\"success\"}',2130706433,'2020-10-09 07:19:23','/wuage/systemUser/login',NULL,'{\"loginName\":[\"test\"],\"password\":[\"123456\"],\"captcha\":[\"wg3e\"],\"rememberMe\":[\"false\"]}','test','','用户登录',NULL,0,'0.0070'),(907,1,'null',2130706433,'2020-10-09 07:20:45','/wuage/systemUser/login',NULL,'{\"loginName\":[\"test\"],\"password\":[\"123456\"],\"captcha\":[\"e22d\"],\"rememberMe\":[\"false\"]}','test','com.wuage.framework.exception.customize.CaptchaException: 验证码不正确！','用户登录',NULL,1,'0.0140'),(908,1,'{\"code\":\"0\",\"msg\":\"success\"}',2130706433,'2020-10-09 07:20:51','/wuage/systemUser/login',NULL,'{\"loginName\":[\"test\"],\"password\":[\"123456\"],\"captcha\":[\"43b7\"],\"rememberMe\":[\"false\"]}','test','','用户登录',NULL,0,'0.0060'),(909,1,'null',2130706433,'2020-10-09 08:12:41','/wuage/systemUser/login',NULL,'{\"loginName\":[\"admin\"],\"password\":[\"123456\"],\"captcha\":[\"56na\"],\"rememberMe\":[\"false\"]}','admin','com.wuage.framework.exception.customize.CaptchaException: 验证码不正确！','用户登录',NULL,1,'0.0010'),(910,1,'{\"code\":\"0\",\"msg\":\"success\"}',2130706433,'2020-10-09 08:12:57','/wuage/systemUser/login',NULL,'{\"loginName\":[\"admin\"],\"password\":[\"123456\"],\"captcha\":[\"e426\"],\"rememberMe\":[\"false\"]}','admin','','用户登录',NULL,0,'0.0090'),(911,2,'{\"code\":\"0\",\"msg\":\"success\"}',2130706433,'2020-10-09 08:13:04','/wuage/system/user/locked',NULL,'{\"userId\":[\"20\"],\"lockedStatus\":[\"1\"]}','admin','','锁定用户',1,0,'0.0940'),(912,2,'{\"code\":\"0\",\"msg\":\"success\"}',2130706433,'2020-10-09 08:13:05','/wuage/system/user/locked',NULL,'{\"userId\":[\"20\"],\"lockedStatus\":[\"0\"]}','admin','','锁定用户',1,0,'0.0140'),(913,2,'{\"code\":\"0\",\"msg\":\"success\"}',2130706433,'2020-10-09 08:13:37','/wuage/system/config',NULL,'{}','admin','','更改系统参数',1,0,'0.0050'),(914,1,'{\"code\":\"0\",\"msg\":\"success\"}',2130706433,'2020-10-09 08:15:08','/wuage/systemUser/login',NULL,'{\"loginName\":[\"admin\"],\"password\":[\"123456\"],\"captcha\":[\"46ea\"],\"rememberMe\":[\"false\"]}','admin','','用户登录',NULL,0,'0.0110'),(915,1,'{\"code\":\"0\",\"msg\":\"success\"}',2130706433,'2020-10-09 08:15:34','/wuage/systemUser/login',NULL,'{\"loginName\":[\"test\"],\"password\":[\"123456\"],\"captcha\":[\"pn5c\"],\"rememberMe\":[\"false\"]}','test','','用户登录',NULL,0,'0.0180'),(916,2,'{\"code\":\"0\",\"msg\":\"success\"}',2130706433,'2020-10-09 08:15:56','/wuage/system/config',NULL,'{}','test','','更改系统参数',20,0,'0.0040'),(917,2,'{\"code\":\"0\",\"msg\":\"success\"}',2130706433,'2020-10-09 08:16:10','/wuage/system/config',NULL,'{}','test','','更改系统参数',20,0,'0.0070'),(918,1,'{\"code\":\"0\",\"msg\":\"success\"}',2130706433,'2020-10-09 08:23:47','/wuage/systemUser/login',NULL,'{\"loginName\":[\"admin\"],\"password\":[\"123456\"],\"captcha\":[\"7bnb\"],\"rememberMe\":[\"false\"]}','admin','','用户登录',NULL,0,'0.0190'),(919,2,'{\"code\":\"0\",\"msg\":\"success\"}',2130706433,'2020-10-09 08:23:53','/wuage/system/user/locked',NULL,'{\"userId\":[\"1\"],\"lockedStatus\":[\"1\"]}','admin','','锁定用户',1,0,'0.0240'),(920,2,'{\"code\":\"0\",\"msg\":\"success\"}',2130706433,'2020-10-09 08:23:56','/wuage/system/user/locked',NULL,'{\"userId\":[\"1\"],\"lockedStatus\":[\"0\"]}','admin','','锁定用户',1,0,'0.0160'),(921,2,'{\"code\":\"0\",\"msg\":\"success\"}',2130706433,'2020-10-09 08:27:48','/wuage/system/config',NULL,'{}','admin','','更改系统参数',1,0,'0.0030'),(922,2,'{\"code\":\"0\",\"msg\":\"success\"}',2130706433,'2020-10-09 08:28:17','/wuage/system/config',NULL,'{}','admin','','更改系统参数',1,0,'0.0040'),(923,1,'null',2130706433,'2020-10-09 08:31:26','/wuage/systemUser/login',NULL,'{\"loginName\":[\"test\"],\"password\":[\"123456\"],\"captcha\":[\"\"],\"rememberMe\":[\"false\"]}','test','com.wuage.framework.exception.customize.CaptchaException: 验证码不能为空！','用户登录',NULL,1,'0.0470'),(924,1,'{\"code\":\"0\",\"msg\":\"success\"}',2130706433,'2020-10-09 08:31:35','/wuage/systemUser/login',NULL,'{\"loginName\":[\"test\"],\"password\":[\"123456\"],\"captcha\":[\"bd6n\"],\"rememberMe\":[\"false\"]}','test','','用户登录',NULL,0,'0.0790'),(925,1,'{\"code\":\"0\",\"msg\":\"success\"}',2130706433,'2020-10-09 08:32:16','/wuage/systemUser/login',NULL,'{\"loginName\":[\"test\"],\"password\":[\"123456\"],\"captcha\":[\"px2m\"],\"rememberMe\":[\"false\"]}','test','','用户登录',NULL,0,'0.0170'),(926,2,'{\"code\":\"0X10016\",\"msg\":\"演示模式中该无法使用该功能！\"}',2130706433,'2020-10-09 08:33:31','/wuage/system/config',NULL,'{}','test','','更改系统参数',20,0,'0.0000'),(927,1,'{\"code\":\"0\",\"msg\":\"success\"}',2130706433,'2020-10-09 08:33:47','/wuage/systemUser/login',NULL,'{\"loginName\":[\"admin\"],\"password\":[\"123456\"],\"captcha\":[\"fn4b\"],\"rememberMe\":[\"false\"]}','admin','','用户登录',NULL,0,'0.0200'),(928,2,'{\"code\":\"0\",\"msg\":\"success\"}',2130706433,'2020-10-09 08:34:14','/wuage/system/config',NULL,'{}','admin','','更改系统参数',1,0,'0.0080'),(929,2,'{\"code\":\"0\",\"data\":[\"system:manage:view\",\"system:user:view\",\"system:role:view\",\"system:menu:view\",\"system:dept:view\",\"system:user:add\",\"system:user:delete\",\"system:user:update\",\"system:role:add\",\"system:role:delete\",\"system:role:update\",\"system:menu:add\",\"system:menu:delete\",\"system:menu:update\",\"system:dept:add\",\"system:dept:delete\",\"system:dept:update\",\"system:config:view\",\"system:log:view\",\"system:config:update\"],\"msg\":\"success\"}',2130706433,'2020-10-09 08:37:27','/wuage/system/role',NULL,'{\"creater\":[\"admin\"],\"ctime\":[\"2020-10-09 11:09:16\"],\"dataRange\":[\"4\"],\"menuIds[0]\":[\"1\"],\"menuIds[1]\":[\"2\"],\"menuIds[2]\":[\"6\"],\"menuIds[3]\":[\"22\"],\"menuIds[4]\":[\"7\"],\"menuIds[5]\":[\"8\"],\"menuIds[6]\":[\"3\"],\"menuIds[7]\":[\"9\"],\"menuIds[8]\":[\"10\"],\"menuIds[9]\":[\"11\"],\"menuIds[10]\":[\"5\"],\"menuIds[11]\":[\"15\"],\"menuIds[12]\":[\"16\"],\"menuIds[13]\":[\"17\"],\"menuIds[14]\":[\"4\"],\"menuIds[15]\":[\"12\"],\"menuIds[16]\":[\"13\"],\"menuIds[17]\":[\"14\"],\"menuIds[18]\":[\"20\"],\"menuIds[19]\":[\"19\"],\"menuIds[20]\":[\"21\"],\"remark\":[\"\"],\"roleCode\":[\"TEST\"],\"roleId\":[\"11\"],\"roleName\":[\"测试员\"],\"roleType\":[\"0\"],\"status\":[\"1\"],\"updateBy\":[\"admin\"],\"updateTime\":[\"2020-10-09 13:43:09\"]}','admin','','更新角色',1,0,'0.1440'),(930,2,'{\"code\":\"0\",\"msg\":\"success\"}',2130706433,'2020-10-09 08:39:29','/wuage/system/config',NULL,'{}','admin','','更改系统参数',1,0,'0.0040'),(931,1,'null',2130706433,'2020-10-09 08:39:35','/wuage/systemUser/login',NULL,'{\"loginName\":[\"test\"],\"password\":[\"123456\"],\"captcha\":[\"\"],\"rememberMe\":[\"false\"]}','test','com.wuage.framework.exception.customize.CaptchaException: 验证码不能为空！','用户登录',NULL,1,'0.0010'),(932,1,'null',2130706433,'2020-10-09 08:39:38','/wuage/systemUser/login',NULL,'{\"loginName\":[\"test\"],\"password\":[\"123456\"],\"captcha\":[\"\"],\"rememberMe\":[\"false\"]}','test','com.wuage.framework.exception.customize.CaptchaException: 验证码不能为空！','用户登录',NULL,1,'0.0000'),(933,1,'null',2130706433,'2020-10-09 08:39:40','/wuage/systemUser/login',NULL,'{\"loginName\":[\"test\"],\"password\":[\"123456\"],\"captcha\":[\"\"],\"rememberMe\":[\"false\"]}','test','com.wuage.framework.exception.customize.CaptchaException: 验证码不能为空！','用户登录',NULL,1,'0.0000'),(934,1,'null',2130706433,'2020-10-09 08:39:53','/wuage/systemUser/login',NULL,'{\"loginName\":[\"test\"],\"password\":[\"123456\"],\"captcha\":[\"\"],\"rememberMe\":[\"false\"]}','test','com.wuage.framework.exception.customize.CaptchaException: 验证码不能为空！','用户登录',NULL,1,'0.0010'),(935,1,'null',2130706433,'2020-10-09 08:40:50','/wuage/systemUser/login',NULL,'{\"loginName\":[\"test\"],\"password\":[\"123456\"],\"captcha\":[\"\"],\"rememberMe\":[\"false\"]}','test','com.wuage.framework.exception.customize.CaptchaException: 验证码不能为空！','用户登录',NULL,1,'0.0000'),(936,1,'null',2130706433,'2020-10-09 08:40:55','/wuage/systemUser/login',NULL,'{\"loginName\":[\"test\"],\"password\":[\"123456\"],\"captcha\":[\"\"],\"rememberMe\":[\"false\"]}','test','com.wuage.framework.exception.customize.CaptchaException: 验证码不能为空！','用户登录',NULL,1,'0.0000'),(937,1,'null',2130706433,'2020-10-09 08:40:58','/wuage/systemUser/login',NULL,'{\"loginName\":[\"test\"],\"password\":[\"123456\"],\"captcha\":[\"\"],\"rememberMe\":[\"false\"]}','test','com.wuage.framework.exception.customize.CaptchaException: 验证码不能为空！','用户登录',NULL,1,'0.0000'),(938,1,'null',2130706433,'2020-10-09 08:41:00','/wuage/systemUser/login',NULL,'{\"loginName\":[\"test\"],\"password\":[\"123456\"],\"captcha\":[\"\"],\"rememberMe\":[\"false\"]}','test','com.wuage.framework.exception.customize.CaptchaException: 验证码不能为空！','用户登录',NULL,1,'0.0000'),(939,1,'null',2130706433,'2020-10-09 08:41:31','/wuage/systemUser/login',NULL,'{\"loginName\":[\"test\"],\"password\":[\"123456\"],\"captcha\":[\"\"],\"rememberMe\":[\"false\"]}','test','com.wuage.framework.exception.customize.CaptchaException: 验证码不能为空！','用户登录',NULL,1,'0.0000'),(940,1,'null',2130706433,'2020-10-09 08:41:44','/wuage/systemUser/login',NULL,'{\"loginName\":[\"test\"],\"password\":[\"123456\"],\"captcha\":[\"\"],\"rememberMe\":[\"false\"]}','test','com.wuage.framework.exception.customize.CaptchaException: 验证码不能为空！','用户登录',NULL,1,'0.0010'),(941,1,'null',2130706433,'2020-10-09 08:41:54','/wuage/systemUser/login',NULL,'{\"loginName\":[\"test\"],\"password\":[\"123456\"],\"captcha\":[\"\"],\"rememberMe\":[\"false\"]}','test','com.wuage.framework.exception.customize.CaptchaException: 验证码不能为空！','用户登录',NULL,1,'0.0010'),(942,1,'null',2130706433,'2020-10-09 08:42:03','/wuage/systemUser/login',NULL,'{\"loginName\":[\"test\"],\"password\":[\"123456\"],\"captcha\":[\"\"],\"rememberMe\":[\"false\"]}','test','com.wuage.framework.exception.customize.CaptchaException: 验证码不能为空！','用户登录',NULL,1,'0.0010'),(943,1,'null',2130706433,'2020-10-09 08:43:02','/wuage/systemUser/login',NULL,'{\"loginName\":[\"test\"],\"password\":[\"123456\"],\"captcha\":[\"\"],\"rememberMe\":[\"false\"]}','test','com.wuage.framework.exception.customize.CaptchaException: 验证码不能为空！','用户登录',NULL,1,'0.0010'),(944,1,'null',2130706433,'2020-10-09 08:47:10','/wuage/systemUser/login',NULL,'{\"loginName\":[\"test\"],\"password\":[\"123456\"],\"captcha\":[\"\"],\"rememberMe\":[\"false\"]}','test','com.wuage.framework.exception.customize.CaptchaException: 验证码不能为空！','用户登录',NULL,1,'0.0000'),(945,1,'{\"code\":\"0\",\"msg\":\"success\"}',2130706433,'2020-10-09 08:47:35','/wuage/systemUser/login',NULL,'{\"loginName\":[\"test\"],\"password\":[\"123456\"],\"captcha\":[\"p2ma\"],\"rememberMe\":[\"false\"]}','test','','用户登录',NULL,0,'0.0210'),(946,1,'null',2130706433,'2020-10-09 08:47:45','/wuage/systemUser/login',NULL,'{\"loginName\":[\"test\"],\"password\":[\"123456\"],\"captcha\":[\"\"],\"rememberMe\":[\"false\"]}','test','com.wuage.framework.exception.customize.CaptchaException: 验证码不能为空！','用户登录',NULL,1,'0.0000'),(947,1,'null',2130706433,'2020-10-09 10:03:27','/wuage/systemUser/login',NULL,'{\"loginName\":[\"test\"],\"password\":[\"123456\"],\"captcha\":[\"zwyb\"],\"rememberMe\":[\"false\"]}','test','com.wuage.framework.exception.customize.CaptchaException: 验证码不正确！','用户登录',NULL,1,'0.0010'),(948,1,'{\"code\":\"0\",\"msg\":\"success\"}',2130706433,'2020-10-09 10:03:33','/wuage/systemUser/login',NULL,'{\"loginName\":[\"test\"],\"password\":[\"123456\"],\"captcha\":[\"nge5\"],\"rememberMe\":[\"false\"]}','test','','用户登录',NULL,0,'0.0050'),(949,2,'{\"code\":\"1\",\"msg\":\"没有锁定超级管理员的权限！\"}',2130706433,'2020-10-09 10:03:42','/wuage/system/user/locked',NULL,'{\"userId\":[\"1\"],\"lockedStatus\":[\"1\"]}','test','','锁定用户',20,0,'0.0090'),(950,1,'{\"code\":\"0\",\"msg\":\"success\"}',2130706433,'2020-10-11 05:17:16','/wuage/systemUser/login',NULL,'{\"loginName\":[\"test\"],\"password\":[\"123456\"],\"captcha\":[\"4xmc\"],\"rememberMe\":[\"false\"]}','test','','用户登录',NULL,0,'0.0230'),(951,2,'{\"code\":\"0X10016\",\"msg\":\"演示模式中该无法使用该功能！\"}',2130706433,'2020-10-11 05:17:51','/wuage/system/config',NULL,'{}','test','','更改系统参数',20,0,'0.0000'),(952,1,'{\"code\":\"0\",\"msg\":\"success\"}',2130706433,'2020-10-12 02:22:30','/wuage/systemUser/login',NULL,'{\"loginName\":[\"test\"],\"password\":[\"123456\"],\"captcha\":[\"3365\"],\"rememberMe\":[\"false\"]}','test','','用户登录',NULL,0,'0.0210'),(953,2,'{\"code\":\"0X10016\",\"msg\":\"演示模式中该无法使用该功能！\"}',2130706433,'2020-10-12 02:23:09','/wuage/system/config',NULL,'{}','test','','更改系统参数',20,0,'0.0000'),(954,1,'{\"code\":\"0\",\"msg\":\"success\"}',2130706433,'2020-10-12 11:11:39','/wuage/systemUser/login',NULL,'{\"loginName\":[\"test\"],\"password\":[\"123456\"],\"captcha\":[\"wgdd\"],\"rememberMe\":[\"false\"]}','test','','用户登录',NULL,0,'0.0170'),(955,2,'{\"code\":\"0X10016\",\"msg\":\"演示模式中该无法使用该功能！\"}',2130706433,'2020-10-12 11:11:54','/wuage/system/config',NULL,'{}','test','','更改系统参数',20,0,'0.0000'),(956,2,'{\"code\":\"0\",\"msg\":\"success\"}',2130706433,'2020-10-12 11:18:00','/wuage/system/menu',NULL,'{\"componentPath\":[\"system/sysconfig/manage\"],\"creater\":[\"电饭锅后海\"],\"ctime\":[\"2020-10-04 15:38:07\"],\"hasChildren\":[\"true\"],\"icon\":[\"setting\"],\"menuId\":[\"19\"],\"menuName\":[\"系统设置\"],\"orderNumber\":[\"10\"],\"parentId\":[\"1\"],\"parentName\":[\"\"],\"permission\":[\"system:config:view\"],\"status\":[\"1\"],\"traversalOrNot\":[\"true\"],\"type\":[\"2\"],\"updateBy\":[\"电饭锅后海\"],\"url\":[\"/sysconfig/sysconfig-manage\"]}','test','','更新菜单',20,0,'0.0180'),(957,2,'{\"code\":\"0\",\"msg\":\"success\"}',2130706433,'2020-10-12 11:18:31','/wuage/system/menu',NULL,'{\"componentPath\":[\"system/sysconfig/sysconfig-manage\"],\"creater\":[\"电饭锅后海\"],\"ctime\":[\"2020-10-04 15:38:07\"],\"hasChildren\":[\"true\"],\"icon\":[\"setting\"],\"menuId\":[\"19\"],\"menuName\":[\"系统设置\"],\"orderNumber\":[\"10\"],\"parentId\":[\"1\"],\"parentName\":[\"\"],\"permission\":[\"system:config:view\"],\"status\":[\"1\"],\"traversalOrNot\":[\"true\"],\"type\":[\"2\"],\"updateBy\":[\"测试\"],\"url\":[\"/sysconfig/sysconfig-manage\"]}','test','','更新菜单',20,0,'0.0140'),(958,1,'null',2130706433,'2020-10-12 11:19:06','/wuage/systemUser/login',NULL,'{\"loginName\":[\"test\"],\"password\":[\"1234562\"],\"captcha\":[\"nd2g\"],\"rememberMe\":[\"false\"]}','test','org.apache.shiro.authc.ExcessiveAttemptsException: 密码错误!你还有5次机会，连续输错后账号将被锁定！','用户登录',NULL,1,'0.0110'),(959,1,'null',2130706433,'2020-10-12 11:19:12','/wuage/systemUser/login',NULL,'{\"loginName\":[\"test\"],\"password\":[\"1234562\"],\"captcha\":[\"w2a2\"],\"rememberMe\":[\"false\"]}','test','org.apache.shiro.authc.ExcessiveAttemptsException: 密码错误!你还有4次机会，连续输错后账号将被锁定！','用户登录',NULL,1,'0.0050'),(960,1,'null',2130706433,'2020-10-12 11:19:21','/wuage/systemUser/login',NULL,'{\"loginName\":[\"test\"],\"password\":[\"1234562\"],\"captcha\":[\"2pxf\"],\"rememberMe\":[\"false\"]}','test','org.apache.shiro.authc.ExcessiveAttemptsException: 密码错误!你还有3次机会，连续输错后账号将被锁定！','用户登录',NULL,1,'0.0040'),(961,1,'null',2130706433,'2020-10-12 11:19:25','/wuage/systemUser/login',NULL,'{\"loginName\":[\"test\"],\"password\":[\"1234562\"],\"captcha\":[\"dd\"],\"rememberMe\":[\"false\"]}','test','com.wuage.framework.exception.customize.CaptchaException: 验证码不正确！','用户登录',NULL,1,'0.0000'),(962,1,'null',2130706433,'2020-10-12 11:19:27','/wuage/systemUser/login',NULL,'{\"loginName\":[\"test\"],\"password\":[\"1234562\"],\"captcha\":[\"dd\"],\"rememberMe\":[\"false\"]}','test','com.wuage.framework.exception.customize.CaptchaException: 验证码不正确！','用户登录',NULL,1,'0.0010'),(963,1,'null',2130706433,'2020-10-12 11:19:29','/wuage/systemUser/login',NULL,'{\"loginName\":[\"test\"],\"password\":[\"1234562\"],\"captcha\":[\"dd\"],\"rememberMe\":[\"false\"]}','test','com.wuage.framework.exception.customize.CaptchaException: 验证码不正确！','用户登录',NULL,1,'0.0010'),(964,1,'null',2130706433,'2020-10-12 11:19:29','/wuage/systemUser/login',NULL,'{\"loginName\":[\"test\"],\"password\":[\"1234562\"],\"captcha\":[\"dd\"],\"rememberMe\":[\"false\"]}','test','com.wuage.framework.exception.customize.CaptchaException: 验证码不正确！','用户登录',NULL,1,'0.0010'),(965,1,'null',2130706433,'2020-10-12 11:19:29','/wuage/systemUser/login',NULL,'{\"loginName\":[\"test\"],\"password\":[\"1234562\"],\"captcha\":[\"dd\"],\"rememberMe\":[\"false\"]}','test','com.wuage.framework.exception.customize.CaptchaException: 验证码不正确！','用户登录',NULL,1,'0.0010'),(966,1,'null',2130706433,'2020-10-12 11:19:30','/wuage/systemUser/login',NULL,'{\"loginName\":[\"test\"],\"password\":[\"1234562\"],\"captcha\":[\"dd\"],\"rememberMe\":[\"false\"]}','test','com.wuage.framework.exception.customize.CaptchaException: 验证码不正确！','用户登录',NULL,1,'0.0010'),(967,1,'null',2130706433,'2020-10-12 11:19:30','/wuage/systemUser/login',NULL,'{\"loginName\":[\"test\"],\"password\":[\"1234562\"],\"captcha\":[\"dd\"],\"rememberMe\":[\"false\"]}','test','com.wuage.framework.exception.customize.CaptchaException: 验证码不正确！','用户登录',NULL,1,'0.0010'),(968,1,'null',2130706433,'2020-10-12 11:19:30','/wuage/systemUser/login',NULL,'{\"loginName\":[\"test\"],\"password\":[\"1234562\"],\"captcha\":[\"dd\"],\"rememberMe\":[\"false\"]}','test','com.wuage.framework.exception.customize.CaptchaException: 验证码不正确！','用户登录',NULL,1,'0.0000'),(969,1,'null',2130706433,'2020-10-12 11:19:30','/wuage/systemUser/login',NULL,'{\"loginName\":[\"test\"],\"password\":[\"1234562\"],\"captcha\":[\"dd\"],\"rememberMe\":[\"false\"]}','test','com.wuage.framework.exception.customize.CaptchaException: 验证码不正确！','用户登录',NULL,1,'0.0010'),(970,1,'null',2130706433,'2020-10-12 11:19:30','/wuage/systemUser/login',NULL,'{\"loginName\":[\"test\"],\"password\":[\"1234562\"],\"captcha\":[\"dd\"],\"rememberMe\":[\"false\"]}','test','com.wuage.framework.exception.customize.CaptchaException: 验证码不正确！','用户登录',NULL,1,'0.0010'),(971,1,'null',2130706433,'2020-10-12 11:20:02','/wuage/systemUser/login',NULL,'{\"loginName\":[\"test\"],\"password\":[\"1234562\"],\"captcha\":[\"dd\"],\"rememberMe\":[\"false\"]}','test','com.wuage.framework.exception.customize.CaptchaException: 验证码不正确！','用户登录',NULL,1,'0.0000'),(972,1,'{\"code\":\"0\",\"msg\":\"success\"}',2130706433,'2020-10-12 11:22:33','/wuage/systemUser/login',NULL,'{\"loginName\":[\"test\"],\"password\":[\"123456\"],\"captcha\":[\"7n4x\"],\"rememberMe\":[\"false\"]}','test','','用户登录',NULL,0,'0.0080'),(973,2,'{\"code\":\"0\",\"data\":[\"system:manage:view\",\"system:user:view\",\"system:role:view\",\"system:menu:view\",\"system:dept:view\",\"system:user:add\",\"system:user:delete\",\"system:user:update\",\"system:role:add\",\"system:role:delete\",\"system:role:update\",\"system:menu:add\",\"system:menu:delete\",\"system:menu:update\",\"system:dept:add\",\"system:dept:delete\",\"system:dept:update\",\"system:config:view\",\"system:log:view\",\"system:config:update\",\"system:user:lock\"],\"msg\":\"success\"}',2130706433,'2020-10-12 11:23:40','/wuage/system/role',NULL,'{\"creater\":[\"admin\"],\"ctime\":[\"2020-10-09 11:09:16\"],\"dataRange\":[\"4\"],\"menuIds[0]\":[\"1\"],\"menuIds[1]\":[\"2\"],\"menuIds[2]\":[\"6\"],\"menuIds[3]\":[\"22\"],\"menuIds[4]\":[\"7\"],\"menuIds[5]\":[\"8\"],\"menuIds[6]\":[\"3\"],\"menuIds[7]\":[\"9\"],\"menuIds[8]\":[\"10\"],\"menuIds[9]\":[\"11\"],\"menuIds[10]\":[\"5\"],\"menuIds[11]\":[\"15\"],\"menuIds[12]\":[\"16\"],\"menuIds[13]\":[\"17\"],\"menuIds[14]\":[\"4\"],\"menuIds[15]\":[\"12\"],\"menuIds[16]\":[\"14\"],\"menuIds[17]\":[\"20\"],\"menuIds[18]\":[\"19\"],\"menuIds[19]\":[\"21\"],\"remark\":[\"\"],\"roleCode\":[\"TEST\"],\"roleId\":[\"11\"],\"roleName\":[\"测试员\"],\"roleType\":[\"0\"],\"status\":[\"1\"],\"updateBy\":[\"admin\"],\"updateTime\":[\"2020-10-09 16:37:27\"]}','test','','更新角色',20,0,'0.0780'),(974,2,'{\"code\":\"0\",\"data\":[\"system:manage:view\",\"system:user:view\",\"system:role:view\",\"system:menu:view\",\"system:dept:view\",\"system:user:add\",\"system:user:delete\",\"system:user:update\",\"system:role:add\",\"system:role:delete\",\"system:role:update\",\"system:menu:add\",\"system:menu:update\",\"system:dept:add\",\"system:dept:delete\",\"system:dept:update\",\"system:config:view\",\"system:log:view\",\"system:config:update\",\"system:user:lock\"],\"msg\":\"success\"}',2130706433,'2020-10-12 11:24:39','/wuage/system/role',NULL,'{\"creater\":[\"admin\"],\"ctime\":[\"2020-10-09 11:09:16\"],\"dataRange\":[\"4\"],\"menuIds[0]\":[\"1\"],\"menuIds[1]\":[\"2\"],\"menuIds[2]\":[\"6\"],\"menuIds[3]\":[\"22\"],\"menuIds[4]\":[\"7\"],\"menuIds[5]\":[\"8\"],\"menuIds[6]\":[\"3\"],\"menuIds[7]\":[\"9\"],\"menuIds[8]\":[\"10\"],\"menuIds[9]\":[\"11\"],\"menuIds[10]\":[\"5\"],\"menuIds[11]\":[\"15\"],\"menuIds[12]\":[\"16\"],\"menuIds[13]\":[\"17\"],\"menuIds[14]\":[\"4\"],\"menuIds[15]\":[\"12\"],\"menuIds[16]\":[\"14\"],\"menuIds[17]\":[\"20\"],\"menuIds[18]\":[\"19\"],\"menuIds[19]\":[\"21\"],\"remark\":[\"\"],\"roleCode\":[\"TEST\"],\"roleId\":[\"11\"],\"roleName\":[\"测试员\"],\"roleType\":[\"0\"],\"status\":[\"1\"],\"updateBy\":[\"test\"],\"updateTime\":[\"2020-10-12 19:23:40\"]}','test','','更新角色',20,0,'0.0380'),(975,2,'{\"code\":\"0X10016\",\"msg\":\"演示模式中该无法使用该功能！\"}',2130706433,'2020-10-12 11:24:45','/wuage/system/config',NULL,'{}','test','','更改系统参数',20,0,'0.0000'),(976,2,'{\"code\":\"0\",\"msg\":\"success\"}',2130706433,'2020-10-12 11:25:09','/wuage/system/user',NULL,'{\"userId\":[\"20\"],\"username\":[\"测试\"],\"loginName\":[\"test\"],\"phone\":[\"13665554551\"],\"deptId\":[\"6\"],\"locked\":[\"0\"],\"sex\":[\"1\"],\"ctime\":[\"2020-10-09 16:13:05\"],\"remark\":[\"\"]}','test','','更新用户',20,0,'0.0740'),(977,1,'{\"code\":\"0\",\"msg\":\"success\"}',2130706433,'2020-10-12 14:35:42','/wuage/systemUser/login',NULL,'{\"loginName\":[\"admin\"],\"password\":[\"123456\"],\"captcha\":[\"f2mc\"],\"rememberMe\":[\"false\"]}','admin','','用户登录',NULL,0,'0.0090'),(978,2,'{\"code\":\"0\",\"msg\":\"success\"}',2130706433,'2020-10-12 14:51:10','/wuage/system/departments',NULL,'{\"creater\":[\"aa\"],\"ctime\":[\"2020-06-23 16:11:46\"],\"deptId\":[\"6\"],\"deptName\":[\"生产一车间\"],\"deptParentId\":[\"6\"],\"leader\":[\"梁七\"],\"parentName\":[\"生产一车间\"],\"phone\":[\"13654854514\"],\"remark\":[\"\"],\"traversalOrNot\":[\"true\"],\"updateBy\":[\"电饭锅后海\"]}','admin','','更新部门',1,0,'0.0420'),(979,1,'{\"code\":\"0\",\"msg\":\"success\"}',2130706433,'2020-10-12 15:19:08','/wuage/systemUser/login',NULL,'{\"loginName\":[\"admin\"],\"password\":[\"123456\"],\"captcha\":[\"px37\"],\"rememberMe\":[\"false\"]}','admin','','用户登录',NULL,0,'0.0120'),(980,2,'{\"code\":\"0\",\"msg\":\"success\"}',2130706433,'2020-10-12 15:19:46','/wuage/system/config',NULL,'{}','admin','','更改系统参数',1,0,'0.0040'),(981,1,'{\"code\":\"0\",\"msg\":\"success\"}',2130706433,'2020-10-12 15:20:00','/wuage/systemUser/login',NULL,'{\"loginName\":[\"admin\"],\"password\":[\"123456\"],\"captcha\":[\"6bed\"],\"rememberMe\":[\"false\"]}','admin','','用户登录',NULL,0,'0.0050'),(982,2,'{\"code\":\"0\",\"msg\":\"success\"}',2130706433,'2020-10-12 15:21:00','/wuage/system/config',NULL,'{}','admin','','更改系统参数',1,0,'0.0050'),(983,1,'{\"code\":\"0\",\"msg\":\"success\"}',2130706433,'2020-10-12 15:22:59','/wuage/systemUser/login',NULL,'{\"loginName\":[\"admin\"],\"password\":[\"123456\"],\"captcha\":[\"apxg\"],\"rememberMe\":[\"true\"]}','admin','','用户登录',NULL,0,'57.9920'),(984,1,'{\"code\":\"0\",\"msg\":\"success\"}',2130706433,'2020-10-12 15:22:59','/wuage/systemUser/login',NULL,'{\"loginName\":[\"admin\"],\"password\":[\"123456\"],\"captcha\":[\"fg2y\"],\"rememberMe\":[\"true\"]}','admin','','用户登录',NULL,0,'103.8760'),(985,2,'{\"code\":\"0\",\"msg\":\"success\"}',2130706433,'2020-10-14 15:46:28','/wuage/system/config',NULL,'{}','admin','','更改系统参数',1,0,'0.0020'),(986,2,'{\"code\":\"1\",\"msg\":\"上级部门不能选择自己！\"}',2130706433,'2020-10-15 09:03:03','/wuage/system/departments',NULL,'{\"creater\":[\"aa\"],\"ctime\":[\"2020-06-23 14:13:50\"],\"deptId\":[\"2\"],\"deptName\":[\"销售部\"],\"deptParentId\":[\"2\"],\"leader\":[\"张三\"],\"parentName\":[\"销售部\"],\"phone\":[\"13654854565\"],\"remark\":[\"\"],\"traversalOrNot\":[\"true\"],\"updateBy\":[\"电饭锅后海\"]}','admin','','更新部门',1,0,'0.0260'),(987,2,'{\"code\":\"0X10016\",\"msg\":\"演示模式中该无法使用该功能！\"}',2130706433,'2020-10-15 09:04:16','/wuage/system/profile',NULL,'{\"name\":[\"超级管理员\"],\"phone\":[\"13865456541\"]}','admin','','修改个人信息',1,0,'0.0210'),(988,2,'{\"code\":\"0X10016\",\"msg\":\"演示模式中该无法使用该功能！\"}',2130706433,'2020-10-15 09:04:36','/wuage/system/profile/password',NULL,'{\"oldpwd\":[\"123456abc\"],\"newpwd\":[\"123456abc\"],\"checkpwd\":[\"123456abc\"]}','admin','','修改个人密码',1,0,'0.0010'),(989,2,'{\"code\":\"0X10016\",\"msg\":\"演示模式中该无法使用该功能！\"}',2130706433,'2020-10-15 09:04:43','/wuage/system/profile',NULL,'{\"name\":[\"超级管理员\"],\"phone\":[\"13865456541\"]}','admin','','修改个人信息',1,0,'0.0000'),(990,2,'{\"code\":\"0\",\"msg\":\"success\"}',2130706433,'2020-10-15 09:04:52','/wuage/system/config',NULL,'{}','admin','','更改系统参数',1,0,'0.0060'),(991,1,'{\"code\":\"0\",\"msg\":\"success\"}',2130706433,'2020-10-15 09:05:23','/wuage/systemUser/login',NULL,'{\"loginName\":[\"admin\"],\"password\":[\"123456\"],\"captcha\":[\"apm7\"],\"rememberMe\":[\"false\"]}','admin','','用户登录',NULL,0,'0.0180'),(992,2,'{\"code\":\"0\",\"msg\":\"success\"}',2130706433,'2020-10-15 09:05:29','/wuage/system/config',NULL,'{}','admin','','更改系统参数',1,0,'0.0030'),(993,2,'{\"code\":\"0\",\"msg\":\"success\"}',2130706433,'2020-10-15 09:05:33','/wuage/system/profile',NULL,'{\"name\":[\"超级管理员\"],\"phone\":[\"13865456541\"]}','admin','','修改个人信息',1,0,'0.0380'),(994,2,'{\"code\":\"1\",\"msg\":\"两次输入的新密码不一致！\"}',2130706433,'2020-10-15 09:05:46','/wuage/system/profile/password',NULL,'{\"oldpwd\":[\"132456\"],\"newpwd\":[\"123456abc\"],\"checkpwd\":[\"123456acb\"]}','admin','','修改个人密码',1,0,'0.0010'),(995,2,'{\"code\":\"1\",\"msg\":\"旧密码错误！\"}',2130706433,'2020-10-15 09:05:58','/wuage/system/profile/password',NULL,'{\"oldpwd\":[\"132456\"],\"newpwd\":[\"123456abc\"],\"checkpwd\":[\"123456abc\"]}','admin','','修改个人密码',1,0,'0.0060'),(996,2,'{\"code\":\"0\",\"msg\":\"success\"}',2130706433,'2020-10-15 09:06:04','/wuage/system/profile/password',NULL,'{\"oldpwd\":[\"123456\"],\"newpwd\":[\"123456abc\"],\"checkpwd\":[\"123456abc\"]}','admin','','修改个人密码',1,0,'0.0320'),(997,1,'null',2130706433,'2020-10-15 09:06:23','/wuage/systemUser/login',NULL,'{\"loginName\":[\"admin\"],\"password\":[\"123456\"],\"captcha\":[\"n726\"],\"rememberMe\":[\"false\"]}','admin','org.apache.shiro.authc.ExcessiveAttemptsException: 密码错误!你还有5次机会，连续输错后账号将被锁定！','用户登录',NULL,1,'0.0120'),(998,1,'null',2130706433,'2020-10-15 09:06:24','/wuage/systemUser/login',NULL,'{\"loginName\":[\"admin\"],\"password\":[\"123456\"],\"captcha\":[\"n726\"],\"rememberMe\":[\"false\"]}','admin','com.wuage.framework.exception.customize.CaptchaException: 验证码不正确！','用户登录',NULL,1,'0.0030'),(999,1,'null',2130706433,'2020-10-15 09:06:29','/wuage/systemUser/login',NULL,'{\"loginName\":[\"admin\"],\"password\":[\"123456\"],\"captcha\":[\"ex65\"],\"rememberMe\":[\"false\"]}','admin','org.apache.shiro.authc.ExcessiveAttemptsException: 密码错误!你还有4次机会，连续输错后账号将被锁定！','用户登录',NULL,1,'0.0070'),(1000,1,'{\"code\":\"0\",\"msg\":\"success\"}',2130706433,'2020-10-15 09:06:40','/wuage/systemUser/login',NULL,'{\"loginName\":[\"admin\"],\"password\":[\"123456abc\"],\"captcha\":[\"mxc7\"],\"rememberMe\":[\"false\"]}','admin','','用户登录',NULL,0,'0.0080'),(1001,1,'{\"code\":\"0\",\"msg\":\"success\"}',2130706433,'2020-10-15 09:07:03','/wuage/systemUser/login',NULL,'{\"loginName\":[\"admin\"],\"password\":[\"123456abc\"],\"captcha\":[\"b42m\"],\"rememberMe\":[\"false\"]}','admin','','用户登录',NULL,0,'0.0070'),(1002,2,'{\"code\":\"0\",\"msg\":\"success\"}',2130706433,'2020-10-15 09:07:08','/wuage/system/config',NULL,'{}','admin','','更改系统参数',1,0,'0.0120'),(1003,1,'{\"code\":\"0\",\"msg\":\"success\"}',2130706433,'2020-10-16 11:23:01','/wuage/systemUser/login',NULL,'{\"loginName\":[\"test\"],\"password\":[\"123456\"],\"captcha\":[\"f67n\"],\"rememberMe\":[\"false\"]}','test','','用户登录',NULL,0,'0.0410'),(1004,1,'null',2130706433,'2020-10-16 11:23:22','/wuage/systemUser/login',NULL,'{\"loginName\":[\"admin\"],\"password\":[\"123456\"],\"captcha\":[\"fv8b\"],\"rememberMe\":[\"false\"]}','admin','com.wuage.framework.exception.customize.CaptchaException: 验证码不正确！','用户登录',NULL,1,'0.0010'),(1005,1,'null',2130706433,'2020-10-16 11:23:28','/wuage/systemUser/login',NULL,'{\"loginName\":[\"admin\"],\"password\":[\"123456\"],\"captcha\":[\"a4nn\"],\"rememberMe\":[\"false\"]}','admin','com.wuage.framework.exception.customize.CaptchaException: 验证码不正确！','用户登录',NULL,1,'0.0010'),(1006,1,'null',2130706433,'2020-10-16 11:23:33','/wuage/systemUser/login',NULL,'{\"loginName\":[\"admin\"],\"password\":[\"123456\"],\"captcha\":[\"8am2\"],\"rememberMe\":[\"false\"]}','admin','org.apache.shiro.authc.ExcessiveAttemptsException: 密码错误!你还有5次机会，连续输错后账号将被锁定！','用户登录',NULL,1,'0.0080'),(1007,1,'null',2130706433,'2020-10-16 11:23:45','/wuage/systemUser/login',NULL,'{\"loginName\":[\"admin\"],\"password\":[\"123456abc\"],\"captcha\":[\"6v5p\"],\"rememberMe\":[\"false\"]}','admin','com.wuage.framework.exception.customize.CaptchaException: 验证码不正确！','用户登录',NULL,1,'0.0010'),(1008,1,'{\"code\":\"0\",\"msg\":\"success\"}',2130706433,'2020-10-16 11:23:50','/wuage/systemUser/login',NULL,'{\"loginName\":[\"admin\"],\"password\":[\"123456abc\"],\"captcha\":[\"wden\"],\"rememberMe\":[\"false\"]}','admin','','用户登录',NULL,0,'0.0100'),(1009,2,'{\"code\":\"0\",\"msg\":\"success\"}',2130706433,'2020-10-16 11:24:16','/wuage/system/user',NULL,'{\"userId\":[\"20\"],\"username\":[\"测试\"],\"loginName\":[\"test\"],\"phone\":[\"13665554551\"],\"deptId\":[\"6\"],\"roles\":[\"11\"],\"locked\":[\"0\"],\"sex\":[\"1\"],\"ctime\":[\"2020-10-09 16:13:05\"],\"remark\":[\"\"]}','admin','','更新用户',1,0,'0.1180'),(1010,2,'{\"code\":\"0\",\"msg\":\"success\"}',3029042182,'2020-10-16 11:33:16','/wuage/system/user',NULL,'{\"userId\":[\"20\"],\"username\":[\"测试\"],\"loginName\":[\"test\"],\"phone\":[\"13665554551\"],\"deptId\":[\"6\"],\"roles\":[\"11\"],\"locked\":[\"0\"],\"sex\":[\"1\"],\"ctime\":[\"2020-10-09 16:13:05\"],\"remark\":[\"\"]}','admin','','更新用户',1,0,'0.0260'),(1011,2,'{\"code\":\"0\",\"data\":[\"system:manage:view\",\"system:user:view\",\"system:role:view\",\"system:menu:view\",\"system:dept:view\",\"system:user:add\",\"system:user:delete\",\"system:user:update\",\"system:role:add\",\"system:role:delete\",\"system:role:update\",\"system:menu:add\",\"system:menu:update\",\"system:dept:add\",\"system:dept:delete\",\"system:dept:update\",\"system:config:view\",\"system:log:view\",\"system:config:update\",\"system:user:lock\"],\"msg\":\"success\"}',3029042182,'2020-10-16 11:34:24','/wuage/system/role',NULL,'{\"creater\":[\"admin\"],\"ctime\":[\"2020-10-09 11:09:16\"],\"dataRange\":[\"4\"],\"menuIds[0]\":[\"1\"],\"menuIds[1]\":[\"2\"],\"menuIds[2]\":[\"6\"],\"menuIds[3]\":[\"22\"],\"menuIds[4]\":[\"7\"],\"menuIds[5]\":[\"8\"],\"menuIds[6]\":[\"3\"],\"menuIds[7]\":[\"9\"],\"menuIds[8]\":[\"11\"],\"menuIds[9]\":[\"5\"],\"menuIds[10]\":[\"15\"],\"menuIds[11]\":[\"16\"],\"menuIds[12]\":[\"17\"],\"menuIds[13]\":[\"4\"],\"menuIds[14]\":[\"12\"],\"menuIds[15]\":[\"14\"],\"menuIds[16]\":[\"20\"],\"menuIds[17]\":[\"19\"],\"remark\":[\"\"],\"roleCode\":[\"TEST\"],\"roleId\":[\"11\"],\"roleName\":[\"测试员\"],\"roleType\":[\"0\"],\"status\":[\"1\"],\"updateBy\":[\"test\"],\"updateTime\":[\"2020-10-12 19:24:39\"]}','admin','','更新角色',1,0,'0.0650'),(1012,1,'{\"code\":\"0\",\"msg\":\"success\"}',3029042182,'2020-10-16 11:35:16','/wuage/systemUser/login',NULL,'{\"loginName\":[\"test\"],\"password\":[\"123456\"],\"captcha\":[\"dppd\"],\"rememberMe\":[\"false\"]}','test','','用户登录',NULL,0,'0.0100'),(1013,1,'{\"code\":\"0\",\"msg\":\"success\"}',1972147001,'2020-10-18 02:58:36','/wuage/systemUser/login',NULL,'{\"loginName\":[\"test\"],\"password\":[\"123456\"],\"captcha\":[\"bx3g\"],\"rememberMe\":[\"false\"]}','test','','用户登录',NULL,0,'0.0220'),(1014,2,'{\"code\":\"0X10016\",\"msg\":\"演示模式中该无法使用该功能！\"}',1972147001,'2020-10-18 03:01:18','/wuage/system/profile',NULL,'{\"name\":[\"测试\"],\"phone\":[\"13665554551\"]}','test','','修改个人信息',20,0,'0.0000'),(1015,1,'null',3029042454,'2020-10-19 09:04:56','/wuage/systemUser/login',NULL,'{\"loginName\":[\"test\"],\"password\":[\"123456\"],\"captcha\":[\"c4a7\"],\"rememberMe\":[\"false\"]}','test','com.wuage.framework.exception.customize.CaptchaException: 验证码不正确！','用户登录',NULL,1,'0.0010'),(1016,1,'{\"code\":\"0\",\"msg\":\"success\"}',3029042454,'2020-10-19 09:05:01','/wuage/systemUser/login',NULL,'{\"loginName\":[\"test\"],\"password\":[\"123456\"],\"captcha\":[\"3e56\"],\"rememberMe\":[\"false\"]}','test','','用户登录',NULL,0,'0.0100'),(1017,1,'{\"code\":\"0\",\"msg\":\"success\"}',3029042454,'2020-10-20 03:45:40','/wuage/systemUser/login',NULL,'{\"loginName\":[\"test\"],\"password\":[\"123456\"],\"captcha\":[\"xccd\"],\"rememberMe\":[\"false\"]}','test','','用户登录',NULL,0,'0.0110'),(1018,2,'{\"code\":\"0\",\"msg\":\"success\"}',3029042454,'2020-10-20 03:46:36','/wuage/system/departments',NULL,'{\"creater\":[\"aa\"],\"ctime\":[\"2020-06-23 14:13:50\"],\"deptId\":[\"2\"],\"deptName\":[\"销售部\"],\"deptParentId\":[\"0\"],\"leader\":[\"张三\"],\"parentName\":[\"无\"],\"phone\":[\"13654854565\"],\"remark\":[\"\"],\"traversalOrNot\":[\"true\"],\"updateBy\":[\"电饭锅后海\"]}','test','','更新部门',20,0,'0.0130'),(1019,2,'{\"code\":\"0\",\"msg\":\"success\"}',3029042454,'2020-10-20 03:46:43','/wuage/system/departments',NULL,'{\"creater\":[\"aa\"],\"ctime\":[\"2020-06-23 14:13:50\"],\"deptId\":[\"2\"],\"deptName\":[\"销售部\"],\"deptParentId\":[\"1\"],\"leader\":[\"张三\"],\"parentName\":[\"总公司\"],\"phone\":[\"13654854565\"],\"remark\":[\"\"],\"traversalOrNot\":[\"true\"],\"updateBy\":[\"测试\"]}','test','','更新部门',20,0,'0.0450'),(1020,1,'null',3029042454,'2020-10-20 11:20:29','/wuage/systemUser/login',NULL,'{\"loginName\":[\"admin\"],\"password\":[\"123456\"],\"captcha\":[\"v2e3\"],\"rememberMe\":[\"false\"]}','admin','com.wuage.framework.exception.customize.CaptchaException: 验证码不正确！','用户登录',NULL,1,'0.0010'),(1021,1,'null',3029042454,'2020-10-20 11:20:35','/wuage/systemUser/login',NULL,'{\"loginName\":[\"admin\"],\"password\":[\"123456\"],\"captcha\":[\"6wwc\"],\"rememberMe\":[\"false\"]}','admin','org.apache.shiro.authc.ExcessiveAttemptsException: 密码错误!你还有5次机会，连续输错后账号将被锁定！','用户登录',NULL,1,'0.0160'),(1022,1,'null',3029042454,'2020-10-20 11:20:42','/wuage/systemUser/login',NULL,'{\"loginName\":[\"admin\"],\"password\":[\"123456abc\"],\"captcha\":[\"6wwc\"],\"rememberMe\":[\"false\"]}','admin','com.wuage.framework.exception.customize.CaptchaException: 验证码不正确！','用户登录',NULL,1,'0.0010'),(1023,1,'{\"code\":\"0\",\"msg\":\"success\"}',3029042454,'2020-10-20 11:20:47','/wuage/systemUser/login',NULL,'{\"loginName\":[\"admin\"],\"password\":[\"123456abc\"],\"captcha\":[\"d73n\"],\"rememberMe\":[\"false\"]}','admin','','用户登录',NULL,0,'0.0030'),(1024,1,'{\"code\":\"0\",\"msg\":\"success\"}',3029042454,'2020-10-21 08:47:23','/wuage/systemUser/login',NULL,'{\"loginName\":[\"admin\"],\"password\":[\"123456abc\"],\"captcha\":[\"nep4\"],\"rememberMe\":[\"true\"]}','admin','','用户登录',NULL,0,'326.5580'),(1025,1,'null',3029042454,'2020-10-21 11:59:15','/wuage/systemUser/login',NULL,'{\"loginName\":[\"admin\"],\"password\":[\"123456abc\"],\"captcha\":[\"b3cc\"],\"rememberMe\":[\"true\"]}','admin','com.wuage.framework.exception.customize.CaptchaException: 验证码不正确！','用户登录',NULL,1,'0.0000'),(1026,1,'{\"code\":\"0\",\"msg\":\"success\"}',3029042454,'2020-10-21 11:59:20','/wuage/systemUser/login',NULL,'{\"loginName\":[\"admin\"],\"password\":[\"123456abc\"],\"captcha\":[\"naaa\"],\"rememberMe\":[\"true\"]}','admin','','用户登录',NULL,0,'0.0070'),(1027,2,'{\"code\":\"0\",\"msg\":\"success\"}',2875931380,'2020-10-25 08:14:55','/wuage/system/departments',NULL,'{\"creater\":[\"admin\"],\"ctime\":[\"2019-12-31 17:06:07\"],\"deptId\":[\"1\"],\"deptName\":[\"总公司\"],\"deptParentId\":[\"0\"],\"leader\":[\"李四\"],\"parentName\":[\"\"],\"phone\":[\"13865488888\"],\"remark\":[\"\"],\"traversalOrNot\":[\"true\"],\"updateBy\":[\"电饭锅后海\"]}','admin','','更新部门',1,0,'0.0140'),(1028,1,'null',2875931380,'2020-10-25 08:16:25','/wuage/systemUser/login',NULL,'{\"loginName\":[\"test\"],\"password\":[\"123456\"],\"captcha\":[\"v7p4\"],\"rememberMe\":[\"true\"]}','test','com.wuage.framework.exception.customize.CaptchaException: 验证码不正确！','用户登录',NULL,1,'0.0010'),(1029,1,'{\"code\":\"0\",\"msg\":\"success\"}',2875931380,'2020-10-25 08:16:32','/wuage/systemUser/login',NULL,'{\"loginName\":[\"test\"],\"password\":[\"123456\"],\"captcha\":[\"n3cd\"],\"rememberMe\":[\"true\"]}','test','','用户登录',NULL,0,'0.0060'),(1030,1,'null',2875931278,'2020-10-26 03:44:27','/wuage/systemUser/login',NULL,'{\"loginName\":[\"test\"],\"password\":[\"123456\"],\"captcha\":[\"nmmp\"],\"rememberMe\":[\"true\"]}','test','com.wuage.framework.exception.customize.CaptchaException: 验证码不正确！','用户登录',NULL,1,'0.0010'),(1031,1,'null',2875931278,'2020-10-26 03:44:35','/wuage/systemUser/login',NULL,'{\"loginName\":[\"test\"],\"password\":[\"123456\"],\"captcha\":[\"ww4v\"],\"rememberMe\":[\"true\"]}','test','com.wuage.framework.exception.customize.CaptchaException: 验证码不正确！','用户登录',NULL,1,'0.0010'),(1032,1,'{\"code\":\"0\",\"msg\":\"success\"}',2875931278,'2020-10-26 03:44:42','/wuage/systemUser/login',NULL,'{\"loginName\":[\"test\"],\"password\":[\"123456\"],\"captcha\":[\"462c\"],\"rememberMe\":[\"true\"]}','test','','用户登录',NULL,0,'0.0200'),(1033,1,'null',2875931278,'2020-10-26 03:45:01','/wuage/systemUser/login',NULL,'{\"loginName\":[\"admin\"],\"password\":[\"123456\"],\"captcha\":[\"3vff\"],\"rememberMe\":[\"false\"]}','admin','com.wuage.framework.exception.customize.CaptchaException: 验证码不正确！','用户登录',NULL,1,'0.0010'),(1034,1,'null',2875931278,'2020-10-26 03:45:07','/wuage/systemUser/login',NULL,'{\"loginName\":[\"admin\"],\"password\":[\"123456\"],\"captcha\":[\"xbxa\"],\"rememberMe\":[\"true\"]}','admin','org.apache.shiro.authc.ExcessiveAttemptsException: 密码错误!你还有5次机会，连续输错后账号将被锁定！','用户登录',NULL,1,'0.0030'),(1035,1,'{\"code\":\"0\",\"msg\":\"success\"}',2875931278,'2020-10-26 03:45:18','/wuage/systemUser/login',NULL,'{\"loginName\":[\"admin\"],\"password\":[\"123456abc\"],\"captcha\":[\"d5nm\"],\"rememberMe\":[\"true\"]}','admin','','用户登录',NULL,0,'0.0040'),(1036,1,'{\"code\":\"0\",\"msg\":\"success\"}',2875931278,'2020-10-26 03:46:51','/wuage/systemUser/login',NULL,'{\"loginName\":[\"test\"],\"password\":[\"123456\"],\"captcha\":[\"e2nd\"],\"rememberMe\":[\"true\"]}','test','','用户登录',NULL,0,'0.0060'),(1037,1,'{\"code\":\"0\",\"msg\":\"success\"}',2875931278,'2020-10-26 03:47:26','/wuage/systemUser/login',NULL,'{\"loginName\":[\"admin\"],\"password\":[\"123456abc\"],\"captcha\":[\"xcnw\"],\"rememberMe\":[\"true\"]}','admin','','用户登录',NULL,0,'0.0040'),(1038,1,'null',2875931278,'2020-10-26 07:39:53','/wuage/systemUser/login',NULL,'{\"loginName\":[\"admin\"],\"password\":[\"123456\"],\"captcha\":[\"823d\"],\"rememberMe\":[\"true\"]}','admin','org.apache.shiro.authc.ExcessiveAttemptsException: 密码错误!你还有5次机会，连续输错后账号将被锁定！','用户登录',NULL,1,'0.0180'),(1039,1,'{\"code\":\"0\",\"msg\":\"success\"}',2875931278,'2020-10-26 07:40:02','/wuage/systemUser/login',NULL,'{\"loginName\":[\"admin\"],\"password\":[\"123456abc\"],\"captcha\":[\"mbp6\"],\"rememberMe\":[\"true\"]}','admin','','用户登录',NULL,0,'0.0090'),(1040,1,'{\"code\":\"0\",\"msg\":\"success\"}',2875931278,'2020-10-29 15:31:45','/wuage/systemUser/login',NULL,'{\"loginName\":[\"test\"],\"password\":[\"123456\"],\"captcha\":[\"cncd\"],\"rememberMe\":[\"false\"]}','test','','用户登录',NULL,0,'0.0210'),(1041,1,'{\"code\":\"0\",\"msg\":\"success\"}',1901800220,'2020-11-07 14:02:38','/wuage/systemUser/login',NULL,'{\"loginName\":[\"test\"],\"password\":[\"123456\"],\"captcha\":[\"3e37\"],\"rememberMe\":[\"false\"]}','test','','用户登录',NULL,0,'0.0100'),(1042,2,'{\"code\":\"1\",\"msg\":\"没有锁定超级管理员的权限！\"}',1901800220,'2020-11-07 14:03:51','/wuage/system/user/locked',NULL,'{\"userId\":[\"1\"],\"lockedStatus\":[\"1\"]}','test','','锁定用户',20,0,'0.0020'),(1043,1,'{\"code\":\"0\",\"msg\":\"success\"}',1901800220,'2020-11-08 18:54:47','/wuage/systemUser/login',NULL,'{\"loginName\":[\"test\"],\"password\":[\"123456\"],\"captcha\":[\"cfn5\"],\"rememberMe\":[\"false\"]}','test','','用户登录',NULL,0,'0.0190'),(1044,1,'{\"code\":\"0\",\"msg\":\"success\"}',1903608067,'2020-11-09 19:28:24','/wuage/systemUser/login',NULL,'{\"loginName\":[\"test\"],\"password\":[\"123456\"],\"captcha\":[\"w22w\"],\"rememberMe\":[\"false\"]}','test','','用户登录',NULL,0,'0.1130'),(1045,1,'{\"code\":\"0\",\"msg\":\"success\"}',1903608758,'2020-11-11 12:35:54','/wuage/systemUser/login',NULL,'{\"loginName\":[\"test\"],\"password\":[\"123456\"],\"captcha\":[\"7pwf\"],\"rememberMe\":[\"false\"]}','test','','用户登录',NULL,0,'0.0400'),(1046,1,'{\"code\":\"0\",\"msg\":\"success\"}',1903608159,'2020-11-14 21:11:17','/wuage/systemUser/login',NULL,'{\"loginName\":[\"test\"],\"password\":[\"123456\"],\"captcha\":[\"2c82\"],\"rememberMe\":[\"false\"]}','test','','用户登录',NULL,0,'0.1240'),(1047,1,'{\"code\":\"0\",\"msg\":\"success\"}',1903608395,'2020-11-16 17:23:41','/wuage/systemUser/login',NULL,'{\"loginName\":[\"test\"],\"password\":[\"123456\"],\"captcha\":[\"7632\"],\"rememberMe\":[\"false\"]}','test','','用户登录',NULL,0,'0.0280'),(1048,1,'{\"code\":\"0\",\"msg\":\"success\"}',1946618564,'2020-11-18 10:52:36','/wuage/systemUser/login',NULL,'{\"loginName\":[\"test\"],\"password\":[\"123456\"],\"captcha\":[\"a84x\"],\"rememberMe\":[\"true\"]}','test','','用户登录',NULL,0,'0.1790'),(1049,1,'{\"code\":\"0\",\"msg\":\"success\"}',1947756528,'2020-11-25 11:12:07','/wuage/systemUser/login',NULL,'{\"loginName\":[\"test\"],\"password\":[\"123456\"],\"captcha\":[\"58n4\"],\"rememberMe\":[\"true\"]}','test','','用户登录',NULL,0,'0.0470'),(1050,1,'{\"code\":\"0\",\"msg\":\"success\"}',3071182097,'2020-12-23 11:46:35','/wuage/systemUser/login',NULL,'{\"loginName\":[\"test\"],\"password\":[\"123456\"],\"captcha\":[\"m242\"],\"rememberMe\":[\"false\"]}','test','','用户登录',NULL,0,'0.3960'),(1051,1,'{\"code\":\"0\",\"msg\":\"success\"}',3071181846,'2021-01-26 11:52:45','/wuage/systemUser/login',NULL,'{\"loginName\":[\"test\"],\"password\":[\"123456\"],\"captcha\":[\"78wm\"],\"rememberMe\":[\"false\"]}','test','','用户登录',NULL,0,'0.7650'),(1052,1,'{\"code\":\"0\",\"msg\":\"success\"}',3071181846,'2021-01-26 12:00:37','/wuage/systemUser/login',NULL,'{\"loginName\":[\"test\"],\"password\":[\"123456\"],\"captcha\":[\"24me\"],\"rememberMe\":[\"false\"]}','test','','用户登录',NULL,0,'0.0050'),(1053,1,'{\"code\":\"0\",\"msg\":\"success\"}',3071182783,'2021-03-05 17:55:23','/wuage/systemUser/login',NULL,'{\"loginName\":[\"test\"],\"password\":[\"123456\"],\"captcha\":[\"nd5w\"],\"rememberMe\":[\"true\"]}','test','','用户登录',NULL,0,'1.1150'),(1054,1,'null',1903079339,'2021-03-14 13:06:19','/wuage/systemUser/login',NULL,'{\"loginName\":[\"test\"],\"password\":[\"123456\"],\"captcha\":[\"wvgc\"],\"rememberMe\":[\"false\"]}','test','com.wuage.framework.exception.customize.CaptchaException: 验证码不正确！','用户登录',NULL,1,'0.0010'),(1055,1,'null',1903079339,'2021-03-14 13:06:36','/wuage/systemUser/login',NULL,'{\"loginName\":[\"test\"],\"password\":[\"123456\"],\"captcha\":[\"gabg\"],\"rememberMe\":[\"false\"]}','test','com.wuage.framework.exception.customize.CaptchaException: 验证码不正确！','用户登录',NULL,1,'0.0020'),(1056,1,'{\"code\":\"0\",\"msg\":\"success\"}',1903079339,'2021-03-14 13:06:41','/wuage/systemUser/login',NULL,'{\"loginName\":[\"test\"],\"password\":[\"123456\"],\"captcha\":[\"ewxd\"],\"rememberMe\":[\"false\"]}','test','','用户登录',NULL,0,'0.0100'),(1057,2,'{\"code\":\"1\",\"msg\":\"没有锁定超级管理员的权限！\"}',1903079339,'2021-03-14 13:07:16','/wuage/system/user/locked',NULL,'{\"userId\":[\"1\"],\"lockedStatus\":[\"1\"]}','test','','锁定用户',20,0,'0.0060'),(1058,2,'{\"code\":\"0\",\"msg\":\"success\"}',1903079339,'2021-03-14 13:07:19','/wuage/system/user/locked',NULL,'{\"userId\":[\"20\"],\"lockedStatus\":[\"1\"]}','test','','锁定用户',20,0,'0.3890'),(1059,2,'{\"code\":\"0\",\"msg\":\"success\"}',1903079339,'2021-03-14 13:07:21','/wuage/system/user/locked',NULL,'{\"userId\":[\"20\"],\"lockedStatus\":[\"0\"]}','test','','锁定用户',20,0,'0.0140'),(1060,1,'{\"code\":\"0\",\"msg\":\"success\"}',1903079339,'2021-03-14 13:44:27','/wuage/systemUser/login',NULL,'{\"loginName\":[\"test\"],\"password\":[\"123456\"],\"captcha\":[\"36e8\"],\"rememberMe\":[\"false\"]}','test','','用户登录',NULL,0,'0.0370'),(1061,1,'{\"code\":\"0\",\"msg\":\"success\"}',1903079339,'2021-03-14 13:45:34','/wuage/systemUser/login',NULL,'{\"loginName\":[\"test\"],\"password\":[\"123456\"],\"captcha\":[\"pad7\"],\"rememberMe\":[\"false\"]}','test','','用户登录',NULL,0,'0.0070'),(1062,1,'{\"code\":\"0\",\"msg\":\"success\"}',3071181862,'2021-03-17 20:09:08','/wuage/systemUser/login',NULL,'{\"loginName\":[\"test\"],\"password\":[\"123456\"],\"captcha\":[\"68w5\"],\"rememberMe\":[\"false\"]}','test','','用户登录',NULL,0,'0.3090'),(1063,2,'{\"code\":\"0\",\"msg\":\"success\"}',3071181862,'2021-03-17 20:09:46','/wuage/system/user/locked',NULL,'{\"userId\":[\"20\"],\"lockedStatus\":[\"1\"]}','test','','锁定用户',20,0,'0.0140'),(1064,2,'{\"code\":\"0\",\"msg\":\"success\"}',3071181862,'2021-03-17 20:10:04','/wuage/system/user/locked',NULL,'{\"userId\":[\"20\"],\"lockedStatus\":[\"0\"]}','test','','锁定用户',20,0,'0.0070'),(1065,1,'null',3071181862,'2021-03-17 20:18:31','/wuage/systemUser/login',NULL,'{\"loginName\":[\"admin\"],\"password\":[\"123456\"],\"captcha\":[\"3bxx\"],\"rememberMe\":[\"false\"]}','admin','com.wuage.framework.exception.customize.CaptchaException: 验证码不正确！','用户登录',NULL,1,'0.0000'),(1066,1,'null',3071181862,'2021-03-17 20:18:34','/wuage/systemUser/login',NULL,'{\"loginName\":[\"admin\"],\"password\":[\"123456\"],\"captcha\":[\"3bxx\"],\"rememberMe\":[\"false\"]}','admin','com.wuage.framework.exception.customize.CaptchaException: 验证码不正确！','用户登录',NULL,1,'0.0000'),(1067,1,'null',3071181862,'2021-03-17 20:18:34','/wuage/systemUser/login',NULL,'{\"loginName\":[\"admin\"],\"password\":[\"123456\"],\"captcha\":[\"3bxx\"],\"rememberMe\":[\"false\"]}','admin','com.wuage.framework.exception.customize.CaptchaException: 验证码不正确！','用户登录',NULL,1,'0.0010'),(1068,1,'null',3071181862,'2021-03-17 20:18:35','/wuage/systemUser/login',NULL,'{\"loginName\":[\"admin\"],\"password\":[\"123456\"],\"captcha\":[\"3bxx\"],\"rememberMe\":[\"false\"]}','admin','com.wuage.framework.exception.customize.CaptchaException: 验证码不正确！','用户登录',NULL,1,'0.0010'),(1069,1,'null',3071181862,'2021-03-17 20:18:36','/wuage/systemUser/login',NULL,'{\"loginName\":[\"admin\"],\"password\":[\"123456\"],\"captcha\":[\"3bxx\"],\"rememberMe\":[\"false\"]}','admin','com.wuage.framework.exception.customize.CaptchaException: 验证码不正确！','用户登录',NULL,1,'0.0010'),(1070,1,'null',3071181862,'2021-03-17 20:18:40','/wuage/systemUser/login',NULL,'{\"loginName\":[\"admin\"],\"password\":[\"123456\"],\"captcha\":[\"3bxx\"],\"rememberMe\":[\"false\"]}','admin','com.wuage.framework.exception.customize.CaptchaException: 验证码不正确！','用户登录',NULL,1,'0.0010'),(1071,1,'null',3071181862,'2021-03-17 20:18:41','/wuage/systemUser/login',NULL,'{\"loginName\":[\"admin\"],\"password\":[\"123456\"],\"captcha\":[\"3bxx\"],\"rememberMe\":[\"false\"]}','admin','com.wuage.framework.exception.customize.CaptchaException: 验证码不正确！','用户登录',NULL,1,'0.0010'),(1072,1,'null',3071181862,'2021-03-17 20:18:42','/wuage/systemUser/login',NULL,'{\"loginName\":[\"admin\"],\"password\":[\"123456\"],\"captcha\":[\"3bxx\"],\"rememberMe\":[\"false\"]}','admin','com.wuage.framework.exception.customize.CaptchaException: 验证码不正确！','用户登录',NULL,1,'0.0010'),(1073,1,'null',3071181862,'2021-03-17 20:18:44','/wuage/systemUser/login',NULL,'{\"loginName\":[\"admin\"],\"password\":[\"123456\"],\"captcha\":[\"3bxx\"],\"rememberMe\":[\"false\"]}','admin','com.wuage.framework.exception.customize.CaptchaException: 验证码不正确！','用户登录',NULL,1,'0.0010'),(1074,1,'null',3071181862,'2021-03-17 20:18:48','/wuage/systemUser/login',NULL,'{\"loginName\":[\"admin\"],\"password\":[\"123456\"],\"captcha\":[\"3bxx\"],\"rememberMe\":[\"false\"]}','admin','com.wuage.framework.exception.customize.CaptchaException: 验证码不正确！','用户登录',NULL,1,'0.0010'),(1075,1,'null',3071181862,'2021-03-17 20:18:48','/wuage/systemUser/login',NULL,'{\"loginName\":[\"admin\"],\"password\":[\"123456\"],\"captcha\":[\"3bxx\"],\"rememberMe\":[\"false\"]}','admin','com.wuage.framework.exception.customize.CaptchaException: 验证码不正确！','用户登录',NULL,1,'0.0010'),(1076,1,'null',3071181862,'2021-03-17 20:18:48','/wuage/systemUser/login',NULL,'{\"loginName\":[\"admin\"],\"password\":[\"123456\"],\"captcha\":[\"3bxx\"],\"rememberMe\":[\"false\"]}','admin','com.wuage.framework.exception.customize.CaptchaException: 验证码不正确！','用户登录',NULL,1,'0.0090'),(1077,1,'null',3071181862,'2021-03-17 20:18:49','/wuage/systemUser/login',NULL,'{\"loginName\":[\"admin\"],\"password\":[\"123456\"],\"captcha\":[\"3bxx\"],\"rememberMe\":[\"false\"]}','admin','com.wuage.framework.exception.customize.CaptchaException: 验证码不正确！','用户登录',NULL,1,'0.0010'),(1078,1,'null',2004568708,'2021-04-09 23:27:39','/wuage/systemUser/login',NULL,'{\"loginName\":[\"test\"],\"password\":[\"123456\"],\"captcha\":[\"1233\"],\"rememberMe\":[\"false\"]}','test','com.wuage.framework.exception.customize.CaptchaException: 验证码不正确！','用户登录',NULL,1,'0.0020'),(1079,1,'null',2004568708,'2021-04-09 23:27:47','/wuage/systemUser/login',NULL,'{\"loginName\":[\"test\"],\"password\":[\"123456\"],\"captcha\":[\"3124\"],\"rememberMe\":[\"false\"]}','test','com.wuage.framework.exception.customize.CaptchaException: 验证码不正确！','用户登录',NULL,1,'0.0010'),(1080,1,'null',2004568708,'2021-04-09 23:27:49','/wuage/systemUser/login',NULL,'{\"loginName\":[\"test\"],\"password\":[\"123456\"],\"captcha\":[\"3124\"],\"rememberMe\":[\"false\"]}','test','com.wuage.framework.exception.customize.CaptchaException: 验证码不正确！','用户登录',NULL,1,'0.0010'),(1081,1,'null',2004568708,'2021-04-09 23:27:51','/wuage/systemUser/login',NULL,'{\"loginName\":[\"test\"],\"password\":[\"123456\"],\"captcha\":[\"3124\"],\"rememberMe\":[\"false\"]}','test','com.wuage.framework.exception.customize.CaptchaException: 验证码不正确！','用户登录',NULL,1,'0.0010'),(1082,1,'null',2004568708,'2021-04-09 23:27:51','/wuage/systemUser/login',NULL,'{\"loginName\":[\"test\"],\"password\":[\"123456\"],\"captcha\":[\"3124\"],\"rememberMe\":[\"false\"]}','test','com.wuage.framework.exception.customize.CaptchaException: 验证码不正确！','用户登录',NULL,1,'0.0070'),(1083,1,'null',2004568708,'2021-04-09 23:27:51','/wuage/systemUser/login',NULL,'{\"loginName\":[\"test\"],\"password\":[\"123456\"],\"captcha\":[\"3124\"],\"rememberMe\":[\"false\"]}','test','com.wuage.framework.exception.customize.CaptchaException: 验证码不正确！','用户登录',NULL,1,'0.0010'),(1084,1,'null',2004568708,'2021-04-09 23:27:51','/wuage/systemUser/login',NULL,'{\"loginName\":[\"test\"],\"password\":[\"123456\"],\"captcha\":[\"3124\"],\"rememberMe\":[\"false\"]}','test','com.wuage.framework.exception.customize.CaptchaException: 验证码不正确！','用户登录',NULL,1,'0.0010'),(1085,1,'null',2004568708,'2021-04-09 23:27:52','/wuage/systemUser/login',NULL,'{\"loginName\":[\"test\"],\"password\":[\"123456\"],\"captcha\":[\"3124\"],\"rememberMe\":[\"false\"]}','test','com.wuage.framework.exception.customize.CaptchaException: 验证码不正确！','用户登录',NULL,1,'0.0000'),(1086,1,'null',2004568708,'2021-04-09 23:27:52','/wuage/systemUser/login',NULL,'{\"loginName\":[\"test\"],\"password\":[\"123456\"],\"captcha\":[\"3124\"],\"rememberMe\":[\"false\"]}','test','com.wuage.framework.exception.customize.CaptchaException: 验证码不正确！','用户登录',NULL,1,'0.0000'),(1087,1,'null',2004568708,'2021-04-09 23:27:52','/wuage/systemUser/login',NULL,'{\"loginName\":[\"test\"],\"password\":[\"123456\"],\"captcha\":[\"3124\"],\"rememberMe\":[\"false\"]}','test','com.wuage.framework.exception.customize.CaptchaException: 验证码不正确！','用户登录',NULL,1,'0.0010'),(1088,1,'null',2004568708,'2021-04-09 23:27:52','/wuage/systemUser/login',NULL,'{\"loginName\":[\"test\"],\"password\":[\"123456\"],\"captcha\":[\"3124\"],\"rememberMe\":[\"false\"]}','test','com.wuage.framework.exception.customize.CaptchaException: 验证码不正确！','用户登录',NULL,1,'0.0010'),(1089,1,'null',2004568708,'2021-04-09 23:27:52','/wuage/systemUser/login',NULL,'{\"loginName\":[\"test\"],\"password\":[\"123456\"],\"captcha\":[\"3124\"],\"rememberMe\":[\"false\"]}','test','com.wuage.framework.exception.customize.CaptchaException: 验证码不正确！','用户登录',NULL,1,'0.0010'),(1090,1,'null',2004568708,'2021-04-09 23:27:52','/wuage/systemUser/login',NULL,'{\"loginName\":[\"test\"],\"password\":[\"123456\"],\"captcha\":[\"3124\"],\"rememberMe\":[\"false\"]}','test','com.wuage.framework.exception.customize.CaptchaException: 验证码不正确！','用户登录',NULL,1,'0.0010'),(1091,1,'null',2004568708,'2021-04-09 23:27:53','/wuage/systemUser/login',NULL,'{\"loginName\":[\"test\"],\"password\":[\"123456\"],\"captcha\":[\"3124\"],\"rememberMe\":[\"false\"]}','test','com.wuage.framework.exception.customize.CaptchaException: 验证码不正确！','用户登录',NULL,1,'0.0010'),(1092,1,'null',2004568708,'2021-04-09 23:27:53','/wuage/systemUser/login',NULL,'{\"loginName\":[\"test\"],\"password\":[\"123456\"],\"captcha\":[\"3124\"],\"rememberMe\":[\"false\"]}','test','com.wuage.framework.exception.customize.CaptchaException: 验证码不正确！','用户登录',NULL,1,'0.0010'),(1093,1,'null',2004568708,'2021-04-09 23:27:53','/wuage/systemUser/login',NULL,'{\"loginName\":[\"test\"],\"password\":[\"123456\"],\"captcha\":[\"3124\"],\"rememberMe\":[\"false\"]}','test','com.wuage.framework.exception.customize.CaptchaException: 验证码不正确！','用户登录',NULL,1,'0.0010'),(1094,1,'null',2004568708,'2021-04-09 23:27:53','/wuage/systemUser/login',NULL,'{\"loginName\":[\"test\"],\"password\":[\"123456\"],\"captcha\":[\"3124\"],\"rememberMe\":[\"false\"]}','test','com.wuage.framework.exception.customize.CaptchaException: 验证码不正确！','用户登录',NULL,1,'0.0010'),(1095,1,'null',2004568708,'2021-04-09 23:27:53','/wuage/systemUser/login',NULL,'{\"loginName\":[\"test\"],\"password\":[\"123456\"],\"captcha\":[\"3124\"],\"rememberMe\":[\"false\"]}','test','com.wuage.framework.exception.customize.CaptchaException: 验证码不正确！','用户登录',NULL,1,'0.0000'),(1096,1,'null',2004568708,'2021-04-09 23:27:53','/wuage/systemUser/login',NULL,'{\"loginName\":[\"test\"],\"password\":[\"123456\"],\"captcha\":[\"3124\"],\"rememberMe\":[\"false\"]}','test','com.wuage.framework.exception.customize.CaptchaException: 验证码不正确！','用户登录',NULL,1,'0.0010'),(1097,1,'null',2004568708,'2021-04-09 23:27:54','/wuage/systemUser/login',NULL,'{\"loginName\":[\"test\"],\"password\":[\"123456\"],\"captcha\":[\"3124\"],\"rememberMe\":[\"false\"]}','test','com.wuage.framework.exception.customize.CaptchaException: 验证码不正确！','用户登录',NULL,1,'0.0010'),(1098,1,'null',2004568708,'2021-04-09 23:27:54','/wuage/systemUser/login',NULL,'{\"loginName\":[\"test\"],\"password\":[\"123456\"],\"captcha\":[\"3124\"],\"rememberMe\":[\"false\"]}','test','com.wuage.framework.exception.customize.CaptchaException: 验证码不正确！','用户登录',NULL,1,'0.0010'),(1099,1,'null',2004568708,'2021-04-09 23:27:54','/wuage/systemUser/login',NULL,'{\"loginName\":[\"test\"],\"password\":[\"123456\"],\"captcha\":[\"3124\"],\"rememberMe\":[\"false\"]}','test','com.wuage.framework.exception.customize.CaptchaException: 验证码不正确！','用户登录',NULL,1,'0.0000'),(1100,1,'null',2004568708,'2021-04-09 23:27:54','/wuage/systemUser/login',NULL,'{\"loginName\":[\"test\"],\"password\":[\"123456\"],\"captcha\":[\"3124\"],\"rememberMe\":[\"false\"]}','test','com.wuage.framework.exception.customize.CaptchaException: 验证码不正确！','用户登录',NULL,1,'0.0010'),(1101,1,'null',2004568708,'2021-04-09 23:27:54','/wuage/systemUser/login',NULL,'{\"loginName\":[\"test\"],\"password\":[\"123456\"],\"captcha\":[\"3124\"],\"rememberMe\":[\"false\"]}','test','com.wuage.framework.exception.customize.CaptchaException: 验证码不正确！','用户登录',NULL,1,'0.0010'),(1102,1,'null',2004568708,'2021-04-09 23:27:55','/wuage/systemUser/login',NULL,'{\"loginName\":[\"test\"],\"password\":[\"123456\"],\"captcha\":[\"3124\"],\"rememberMe\":[\"false\"]}','test','com.wuage.framework.exception.customize.CaptchaException: 验证码不正确！','用户登录',NULL,1,'0.0000'),(1103,1,'null',2004568708,'2021-04-09 23:27:55','/wuage/systemUser/login',NULL,'{\"loginName\":[\"test\"],\"password\":[\"123456\"],\"captcha\":[\"3124\"],\"rememberMe\":[\"false\"]}','test','com.wuage.framework.exception.customize.CaptchaException: 验证码不正确！','用户登录',NULL,1,'0.0010'),(1104,1,'null',2004568708,'2021-04-09 23:27:55','/wuage/systemUser/login',NULL,'{\"loginName\":[\"test\"],\"password\":[\"123456\"],\"captcha\":[\"3124\"],\"rememberMe\":[\"false\"]}','test','com.wuage.framework.exception.customize.CaptchaException: 验证码不正确！','用户登录',NULL,1,'0.0010'),(1105,1,'null',2004568708,'2021-04-09 23:27:55','/wuage/systemUser/login',NULL,'{\"loginName\":[\"test\"],\"password\":[\"123456\"],\"captcha\":[\"3124\"],\"rememberMe\":[\"false\"]}','test','com.wuage.framework.exception.customize.CaptchaException: 验证码不正确！','用户登录',NULL,1,'0.0000'),(1106,1,'null',2004568708,'2021-04-09 23:27:55','/wuage/systemUser/login',NULL,'{\"loginName\":[\"test\"],\"password\":[\"123456\"],\"captcha\":[\"3124\"],\"rememberMe\":[\"false\"]}','test','com.wuage.framework.exception.customize.CaptchaException: 验证码不正确！','用户登录',NULL,1,'0.0010'),(1107,1,'null',2004568708,'2021-04-09 23:27:55','/wuage/systemUser/login',NULL,'{\"loginName\":[\"test\"],\"password\":[\"123456\"],\"captcha\":[\"3124\"],\"rememberMe\":[\"false\"]}','test','com.wuage.framework.exception.customize.CaptchaException: 验证码不正确！','用户登录',NULL,1,'0.0010'),(1108,1,'null',2004568708,'2021-04-09 23:27:56','/wuage/systemUser/login',NULL,'{\"loginName\":[\"test\"],\"password\":[\"123456\"],\"captcha\":[\"3124\"],\"rememberMe\":[\"false\"]}','test','com.wuage.framework.exception.customize.CaptchaException: 验证码不正确！','用户登录',NULL,1,'0.0010'),(1109,1,'null',2004568708,'2021-04-09 23:27:56','/wuage/systemUser/login',NULL,'{\"loginName\":[\"test\"],\"password\":[\"123456\"],\"captcha\":[\"3124\"],\"rememberMe\":[\"false\"]}','test','com.wuage.framework.exception.customize.CaptchaException: 验证码不正确！','用户登录',NULL,1,'0.0010'),(1110,1,'null',2004568708,'2021-04-09 23:27:56','/wuage/systemUser/login',NULL,'{\"loginName\":[\"test\"],\"password\":[\"123456\"],\"captcha\":[\"3124\"],\"rememberMe\":[\"false\"]}','test','com.wuage.framework.exception.customize.CaptchaException: 验证码不正确！','用户登录',NULL,1,'0.0010'),(1111,1,'null',2004568708,'2021-04-09 23:27:56','/wuage/systemUser/login',NULL,'{\"loginName\":[\"test\"],\"password\":[\"123456\"],\"captcha\":[\"3124\"],\"rememberMe\":[\"false\"]}','test','com.wuage.framework.exception.customize.CaptchaException: 验证码不正确！','用户登录',NULL,1,'0.0010'),(1112,1,'null',2004568708,'2021-04-09 23:27:56','/wuage/systemUser/login',NULL,'{\"loginName\":[\"test\"],\"password\":[\"123456\"],\"captcha\":[\"3124\"],\"rememberMe\":[\"false\"]}','test','com.wuage.framework.exception.customize.CaptchaException: 验证码不正确！','用户登录',NULL,1,'0.0010'),(1113,1,'null',2004568708,'2021-04-09 23:27:56','/wuage/systemUser/login',NULL,'{\"loginName\":[\"test\"],\"password\":[\"123456\"],\"captcha\":[\"3124\"],\"rememberMe\":[\"false\"]}','test','com.wuage.framework.exception.customize.CaptchaException: 验证码不正确！','用户登录',NULL,1,'0.0000'),(1114,1,'null',2004568708,'2021-04-09 23:27:57','/wuage/systemUser/login',NULL,'{\"loginName\":[\"test\"],\"password\":[\"123456\"],\"captcha\":[\"3124\"],\"rememberMe\":[\"false\"]}','test','com.wuage.framework.exception.customize.CaptchaException: 验证码不正确！','用户登录',NULL,1,'0.0010'),(1115,1,'null',2004568708,'2021-04-09 23:27:57','/wuage/systemUser/login',NULL,'{\"loginName\":[\"test\"],\"password\":[\"123456\"],\"captcha\":[\"3124\"],\"rememberMe\":[\"false\"]}','test','com.wuage.framework.exception.customize.CaptchaException: 验证码不正确！','用户登录',NULL,1,'0.0000'),(1116,1,'null',2004568708,'2021-04-09 23:27:57','/wuage/systemUser/login',NULL,'{\"loginName\":[\"test\"],\"password\":[\"123456\"],\"captcha\":[\"3124\"],\"rememberMe\":[\"false\"]}','test','com.wuage.framework.exception.customize.CaptchaException: 验证码不正确！','用户登录',NULL,1,'0.0010'),(1117,1,'null',2004568708,'2021-04-09 23:27:57','/wuage/systemUser/login',NULL,'{\"loginName\":[\"test\"],\"password\":[\"123456\"],\"captcha\":[\"3124\"],\"rememberMe\":[\"false\"]}','test','com.wuage.framework.exception.customize.CaptchaException: 验证码不正确！','用户登录',NULL,1,'0.0000'),(1118,1,'null',2004568708,'2021-04-09 23:27:57','/wuage/systemUser/login',NULL,'{\"loginName\":[\"test\"],\"password\":[\"123456\"],\"captcha\":[\"3124\"],\"rememberMe\":[\"false\"]}','test','com.wuage.framework.exception.customize.CaptchaException: 验证码不正确！','用户登录',NULL,1,'0.0010'),(1119,1,'null',2004568708,'2021-04-09 23:27:58','/wuage/systemUser/login',NULL,'{\"loginName\":[\"test\"],\"password\":[\"123456\"],\"captcha\":[\"3124\"],\"rememberMe\":[\"false\"]}','test','com.wuage.framework.exception.customize.CaptchaException: 验证码不正确！','用户登录',NULL,1,'0.0010'),(1120,1,'null',2004568708,'2021-04-09 23:27:58','/wuage/systemUser/login',NULL,'{\"loginName\":[\"test\"],\"password\":[\"123456\"],\"captcha\":[\"3124\"],\"rememberMe\":[\"false\"]}','test','com.wuage.framework.exception.customize.CaptchaException: 验证码不正确！','用户登录',NULL,1,'0.0010'),(1121,1,'null',2004568708,'2021-04-09 23:27:58','/wuage/systemUser/login',NULL,'{\"loginName\":[\"test\"],\"password\":[\"123456\"],\"captcha\":[\"3124\"],\"rememberMe\":[\"false\"]}','test','com.wuage.framework.exception.customize.CaptchaException: 验证码不正确！','用户登录',NULL,1,'0.0000'),(1122,1,'null',2004568708,'2021-04-09 23:27:58','/wuage/systemUser/login',NULL,'{\"loginName\":[\"test\"],\"password\":[\"123456\"],\"captcha\":[\"3124\"],\"rememberMe\":[\"false\"]}','test','com.wuage.framework.exception.customize.CaptchaException: 验证码不正确！','用户登录',NULL,1,'0.0000'),(1123,1,'null',2004568708,'2021-04-09 23:27:58','/wuage/systemUser/login',NULL,'{\"loginName\":[\"test\"],\"password\":[\"123456\"],\"captcha\":[\"3124\"],\"rememberMe\":[\"false\"]}','test','com.wuage.framework.exception.customize.CaptchaException: 验证码不正确！','用户登录',NULL,1,'0.0010'),(1124,1,'null',2004568708,'2021-04-09 23:27:59','/wuage/systemUser/login',NULL,'{\"loginName\":[\"test\"],\"password\":[\"123456\"],\"captcha\":[\"3124\"],\"rememberMe\":[\"false\"]}','test','com.wuage.framework.exception.customize.CaptchaException: 验证码不正确！','用户登录',NULL,1,'0.0010'),(1125,1,'null',2004568708,'2021-04-09 23:27:59','/wuage/systemUser/login',NULL,'{\"loginName\":[\"test\"],\"password\":[\"123456\"],\"captcha\":[\"3124\"],\"rememberMe\":[\"false\"]}','test','com.wuage.framework.exception.customize.CaptchaException: 验证码不正确！','用户登录',NULL,1,'0.0010'),(1126,1,'null',2004568708,'2021-04-09 23:27:59','/wuage/systemUser/login',NULL,'{\"loginName\":[\"test\"],\"password\":[\"123456\"],\"captcha\":[\"3124\"],\"rememberMe\":[\"false\"]}','test','com.wuage.framework.exception.customize.CaptchaException: 验证码不正确！','用户登录',NULL,1,'0.0010'),(1127,1,'null',2004568708,'2021-04-09 23:27:59','/wuage/systemUser/login',NULL,'{\"loginName\":[\"test\"],\"password\":[\"123456\"],\"captcha\":[\"3124\"],\"rememberMe\":[\"false\"]}','test','com.wuage.framework.exception.customize.CaptchaException: 验证码不正确！','用户登录',NULL,1,'0.0010'),(1128,1,'null',2004568708,'2021-04-09 23:27:59','/wuage/systemUser/login',NULL,'{\"loginName\":[\"test\"],\"password\":[\"123456\"],\"captcha\":[\"3124\"],\"rememberMe\":[\"false\"]}','test','com.wuage.framework.exception.customize.CaptchaException: 验证码不正确！','用户登录',NULL,1,'0.0010'),(1129,1,'null',2004568708,'2021-04-09 23:28:00','/wuage/systemUser/login',NULL,'{\"loginName\":[\"test\"],\"password\":[\"123456\"],\"captcha\":[\"3124\"],\"rememberMe\":[\"false\"]}','test','com.wuage.framework.exception.customize.CaptchaException: 验证码不正确！','用户登录',NULL,1,'0.0010'),(1130,1,'null',2004568708,'2021-04-09 23:28:00','/wuage/systemUser/login',NULL,'{\"loginName\":[\"test\"],\"password\":[\"123456\"],\"captcha\":[\"3124\"],\"rememberMe\":[\"false\"]}','test','com.wuage.framework.exception.customize.CaptchaException: 验证码不正确！','用户登录',NULL,1,'0.0010'),(1131,1,'null',2004568708,'2021-04-09 23:28:00','/wuage/systemUser/login',NULL,'{\"loginName\":[\"test\"],\"password\":[\"123456\"],\"captcha\":[\"3124\"],\"rememberMe\":[\"false\"]}','test','com.wuage.framework.exception.customize.CaptchaException: 验证码不正确！','用户登录',NULL,1,'0.0010'),(1132,1,'null',2004568708,'2021-04-09 23:28:00','/wuage/systemUser/login',NULL,'{\"loginName\":[\"test\"],\"password\":[\"123456\"],\"captcha\":[\"3124\"],\"rememberMe\":[\"false\"]}','test','com.wuage.framework.exception.customize.CaptchaException: 验证码不正确！','用户登录',NULL,1,'0.0010'),(1133,1,'null',2004568708,'2021-04-09 23:28:00','/wuage/systemUser/login',NULL,'{\"loginName\":[\"test\"],\"password\":[\"123456\"],\"captcha\":[\"3124\"],\"rememberMe\":[\"false\"]}','test','com.wuage.framework.exception.customize.CaptchaException: 验证码不正确！','用户登录',NULL,1,'0.0000'),(1134,1,'null',2004568708,'2021-04-09 23:28:00','/wuage/systemUser/login',NULL,'{\"loginName\":[\"test\"],\"password\":[\"123456\"],\"captcha\":[\"3124\"],\"rememberMe\":[\"false\"]}','test','com.wuage.framework.exception.customize.CaptchaException: 验证码不正确！','用户登录',NULL,1,'0.0010'),(1135,1,'null',2004568708,'2021-04-09 23:28:01','/wuage/systemUser/login',NULL,'{\"loginName\":[\"test\"],\"password\":[\"123456\"],\"captcha\":[\"3124\"],\"rememberMe\":[\"false\"]}','test','com.wuage.framework.exception.customize.CaptchaException: 验证码不正确！','用户登录',NULL,1,'0.0010'),(1136,1,'null',2004568708,'2021-04-09 23:28:01','/wuage/systemUser/login',NULL,'{\"loginName\":[\"test\"],\"password\":[\"123456\"],\"captcha\":[\"3124\"],\"rememberMe\":[\"false\"]}','test','com.wuage.framework.exception.customize.CaptchaException: 验证码不正确！','用户登录',NULL,1,'0.0000'),(1137,1,'null',2004568708,'2021-04-09 23:28:01','/wuage/systemUser/login',NULL,'{\"loginName\":[\"test\"],\"password\":[\"123456\"],\"captcha\":[\"3124\"],\"rememberMe\":[\"false\"]}','test','com.wuage.framework.exception.customize.CaptchaException: 验证码不正确！','用户登录',NULL,1,'0.0010'),(1138,1,'null',2004568708,'2021-04-09 23:28:01','/wuage/systemUser/login',NULL,'{\"loginName\":[\"test\"],\"password\":[\"123456\"],\"captcha\":[\"3124\"],\"rememberMe\":[\"false\"]}','test','com.wuage.framework.exception.customize.CaptchaException: 验证码不正确！','用户登录',NULL,1,'0.0010'),(1139,1,'null',2004568708,'2021-04-09 23:28:01','/wuage/systemUser/login',NULL,'{\"loginName\":[\"test\"],\"password\":[\"123456\"],\"captcha\":[\"3124\"],\"rememberMe\":[\"false\"]}','test','com.wuage.framework.exception.customize.CaptchaException: 验证码不正确！','用户登录',NULL,1,'0.0010'),(1140,1,'null',2004568708,'2021-04-09 23:28:02','/wuage/systemUser/login',NULL,'{\"loginName\":[\"test\"],\"password\":[\"123456\"],\"captcha\":[\"3124\"],\"rememberMe\":[\"false\"]}','test','com.wuage.framework.exception.customize.CaptchaException: 验证码不正确！','用户登录',NULL,1,'0.0010'),(1141,1,'null',2004568708,'2021-04-09 23:28:02','/wuage/systemUser/login',NULL,'{\"loginName\":[\"test\"],\"password\":[\"123456\"],\"captcha\":[\"3124\"],\"rememberMe\":[\"false\"]}','test','com.wuage.framework.exception.customize.CaptchaException: 验证码不正确！','用户登录',NULL,1,'0.0010'),(1142,1,'null',2004568708,'2021-04-09 23:28:02','/wuage/systemUser/login',NULL,'{\"loginName\":[\"test\"],\"password\":[\"123456\"],\"captcha\":[\"3124\"],\"rememberMe\":[\"false\"]}','test','com.wuage.framework.exception.customize.CaptchaException: 验证码不正确！','用户登录',NULL,1,'0.0010'),(1143,1,'null',2004568708,'2021-04-09 23:28:02','/wuage/systemUser/login',NULL,'{\"loginName\":[\"test\"],\"password\":[\"123456\"],\"captcha\":[\"3124\"],\"rememberMe\":[\"false\"]}','test','com.wuage.framework.exception.customize.CaptchaException: 验证码不正确！','用户登录',NULL,1,'0.0010'),(1144,1,'null',2004568708,'2021-04-09 23:28:02','/wuage/systemUser/login',NULL,'{\"loginName\":[\"test\"],\"password\":[\"123456\"],\"captcha\":[\"3124\"],\"rememberMe\":[\"false\"]}','test','com.wuage.framework.exception.customize.CaptchaException: 验证码不正确！','用户登录',NULL,1,'0.0010'),(1145,1,'null',2004568708,'2021-04-09 23:28:03','/wuage/systemUser/login',NULL,'{\"loginName\":[\"test\"],\"password\":[\"123456\"],\"captcha\":[\"3124\"],\"rememberMe\":[\"false\"]}','test','com.wuage.framework.exception.customize.CaptchaException: 验证码不正确！','用户登录',NULL,1,'0.0010'),(1146,1,'null',2004568708,'2021-04-09 23:28:03','/wuage/systemUser/login',NULL,'{\"loginName\":[\"test\"],\"password\":[\"123456\"],\"captcha\":[\"3124\"],\"rememberMe\":[\"false\"]}','test','com.wuage.framework.exception.customize.CaptchaException: 验证码不正确！','用户登录',NULL,1,'0.0010'),(1147,1,'null',2004568708,'2021-04-09 23:28:03','/wuage/systemUser/login',NULL,'{\"loginName\":[\"test\"],\"password\":[\"123456\"],\"captcha\":[\"3124\"],\"rememberMe\":[\"false\"]}','test','com.wuage.framework.exception.customize.CaptchaException: 验证码不正确！','用户登录',NULL,1,'0.0010'),(1148,1,'null',2004568708,'2021-04-09 23:28:03','/wuage/systemUser/login',NULL,'{\"loginName\":[\"test\"],\"password\":[\"123456\"],\"captcha\":[\"3124\"],\"rememberMe\":[\"false\"]}','test','com.wuage.framework.exception.customize.CaptchaException: 验证码不正确！','用户登录',NULL,1,'0.0010'),(1149,1,'null',2004568708,'2021-04-09 23:28:03','/wuage/systemUser/login',NULL,'{\"loginName\":[\"test\"],\"password\":[\"123456\"],\"captcha\":[\"3124\"],\"rememberMe\":[\"false\"]}','test','com.wuage.framework.exception.customize.CaptchaException: 验证码不正确！','用户登录',NULL,1,'0.0010'),(1150,1,'null',2004568708,'2021-04-09 23:28:04','/wuage/systemUser/login',NULL,'{\"loginName\":[\"test\"],\"password\":[\"123456\"],\"captcha\":[\"3124\"],\"rememberMe\":[\"false\"]}','test','com.wuage.framework.exception.customize.CaptchaException: 验证码不正确！','用户登录',NULL,1,'0.0010'),(1151,1,'null',2004568708,'2021-04-09 23:28:04','/wuage/systemUser/login',NULL,'{\"loginName\":[\"test\"],\"password\":[\"123456\"],\"captcha\":[\"3124\"],\"rememberMe\":[\"false\"]}','test','com.wuage.framework.exception.customize.CaptchaException: 验证码不正确！','用户登录',NULL,1,'0.0010'),(1152,1,'null',1903467790,'2021-04-09 23:28:04','/wuage/systemUser/login',NULL,'{\"loginName\":[\"test\"],\"password\":[\"123456\"],\"captcha\":[\"3124\"],\"rememberMe\":[\"false\"]}','test','com.wuage.framework.exception.customize.CaptchaException: 验证码不正确！','用户登录',NULL,1,'0.0010'),(1153,1,'null',2004568708,'2021-04-09 23:28:04','/wuage/systemUser/login',NULL,'{\"loginName\":[\"test\"],\"password\":[\"123456\"],\"captcha\":[\"3124\"],\"rememberMe\":[\"false\"]}','test','com.wuage.framework.exception.customize.CaptchaException: 验证码不正确！','用户登录',NULL,1,'0.0010'),(1154,1,'null',1903467790,'2021-04-09 23:28:07','/wuage/systemUser/login',NULL,'{\"loginName\":[\"test\"],\"password\":[\"123456\"],\"captcha\":[\"3124\"],\"rememberMe\":[\"false\"]}','test','com.wuage.framework.exception.customize.CaptchaException: 验证码不正确！','用户登录',NULL,1,'0.0000'),(1155,1,'null',1903467790,'2021-04-09 23:28:07','/wuage/systemUser/login',NULL,'{\"loginName\":[\"test\"],\"password\":[\"123456\"],\"captcha\":[\"3124\"],\"rememberMe\":[\"false\"]}','test','com.wuage.framework.exception.customize.CaptchaException: 验证码不正确！','用户登录',NULL,1,'0.0010'),(1156,1,'null',1903467790,'2021-04-09 23:28:07','/wuage/systemUser/login',NULL,'{\"loginName\":[\"test\"],\"password\":[\"123456\"],\"captcha\":[\"3124\"],\"rememberMe\":[\"false\"]}','test','com.wuage.framework.exception.customize.CaptchaException: 验证码不正确！','用户登录',NULL,1,'0.0000'),(1157,1,'null',2004568708,'2021-04-09 23:28:08','/wuage/systemUser/login',NULL,'{\"loginName\":[\"test\"],\"password\":[\"123456\"],\"captcha\":[\"3124\"],\"rememberMe\":[\"false\"]}','test','com.wuage.framework.exception.customize.CaptchaException: 验证码不正确！','用户登录',NULL,1,'0.0000'),(1158,1,'null',2004568708,'2021-04-09 23:28:32','/wuage/systemUser/login',NULL,'{\"loginName\":[\"test\"],\"password\":[\"123456\"],\"captcha\":[\"56na\"],\"rememberMe\":[\"false\"]}','test','com.wuage.framework.exception.customize.CaptchaException: 验证码不正确！','用户登录',NULL,1,'0.0010'),(1159,1,'null',2004568708,'2021-04-09 23:28:33','/wuage/systemUser/login',NULL,'{\"loginName\":[\"test\"],\"password\":[\"123456\"],\"captcha\":[\"56na\"],\"rememberMe\":[\"false\"]}','test','com.wuage.framework.exception.customize.CaptchaException: 验证码不正确！','用户登录',NULL,1,'0.0010'),(1160,1,'null',2004568708,'2021-04-09 23:28:33','/wuage/systemUser/login',NULL,'{\"loginName\":[\"test\"],\"password\":[\"123456\"],\"captcha\":[\"56na\"],\"rememberMe\":[\"false\"]}','test','com.wuage.framework.exception.customize.CaptchaException: 验证码不正确！','用户登录',NULL,1,'0.0010'),(1161,1,'null',2004568708,'2021-04-09 23:28:33','/wuage/systemUser/login',NULL,'{\"loginName\":[\"test\"],\"password\":[\"123456\"],\"captcha\":[\"56na\"],\"rememberMe\":[\"false\"]}','test','com.wuage.framework.exception.customize.CaptchaException: 验证码不正确！','用户登录',NULL,1,'0.0010'),(1162,1,'null',2004568708,'2021-04-09 23:28:33','/wuage/systemUser/login',NULL,'{\"loginName\":[\"test\"],\"password\":[\"123456\"],\"captcha\":[\"56na\"],\"rememberMe\":[\"false\"]}','test','com.wuage.framework.exception.customize.CaptchaException: 验证码不正确！','用户登录',NULL,1,'0.0010'),(1163,1,'null',2004568708,'2021-04-09 23:28:33','/wuage/systemUser/login',NULL,'{\"loginName\":[\"test\"],\"password\":[\"123456\"],\"captcha\":[\"56na\"],\"rememberMe\":[\"false\"]}','test','com.wuage.framework.exception.customize.CaptchaException: 验证码不正确！','用户登录',NULL,1,'0.0010'),(1164,1,'null',2004568708,'2021-04-09 23:28:33','/wuage/systemUser/login',NULL,'{\"loginName\":[\"test\"],\"password\":[\"123456\"],\"captcha\":[\"56na\"],\"rememberMe\":[\"false\"]}','test','com.wuage.framework.exception.customize.CaptchaException: 验证码不正确！','用户登录',NULL,1,'0.0010'),(1165,1,'null',2004568708,'2021-04-09 23:28:34','/wuage/systemUser/login',NULL,'{\"loginName\":[\"test\"],\"password\":[\"123456\"],\"captcha\":[\"56na\"],\"rememberMe\":[\"false\"]}','test','com.wuage.framework.exception.customize.CaptchaException: 验证码不正确！','用户登录',NULL,1,'0.0020'),(1166,1,'null',2004568708,'2021-04-09 23:28:34','/wuage/systemUser/login',NULL,'{\"loginName\":[\"test\"],\"password\":[\"123456\"],\"captcha\":[\"56na\"],\"rememberMe\":[\"false\"]}','test','com.wuage.framework.exception.customize.CaptchaException: 验证码不正确！','用户登录',NULL,1,'0.0010'),(1167,1,'null',2004568708,'2021-04-09 23:28:34','/wuage/systemUser/login',NULL,'{\"loginName\":[\"test\"],\"password\":[\"123456\"],\"captcha\":[\"56na\"],\"rememberMe\":[\"false\"]}','test','com.wuage.framework.exception.customize.CaptchaException: 验证码不正确！','用户登录',NULL,1,'0.0010'),(1168,1,'null',2004568708,'2021-04-09 23:28:46','/wuage/systemUser/login',NULL,'{\"loginName\":[\"test\"],\"password\":[\"123456\"],\"captcha\":[\"56na\"],\"rememberMe\":[\"false\"]}','test','com.wuage.framework.exception.customize.CaptchaException: 验证码不正确！','用户登录',NULL,1,'0.0000'),(1169,1,'null',1903467790,'2021-04-09 23:28:58','/wuage/systemUser/login',NULL,'{\"loginName\":[\"test\"],\"password\":[\"123456\"],\"captcha\":[\"56na\"],\"rememberMe\":[\"false\"]}','test','com.wuage.framework.exception.customize.CaptchaException: 验证码不正确！','用户登录',NULL,1,'0.0000'),(1170,1,'null',1903467790,'2021-04-09 23:28:59','/wuage/systemUser/login',NULL,'{\"loginName\":[\"test\"],\"password\":[\"123456\"],\"captcha\":[\"56na\"],\"rememberMe\":[\"false\"]}','test','com.wuage.framework.exception.customize.CaptchaException: 验证码不正确！','用户登录',NULL,1,'0.0010'),(1171,1,'null',2004568708,'2021-04-09 23:29:00','/wuage/systemUser/login',NULL,'{\"loginName\":[\"test\"],\"password\":[\"123456\"],\"captcha\":[\"56na\"],\"rememberMe\":[\"false\"]}','test','com.wuage.framework.exception.customize.CaptchaException: 验证码不正确！','用户登录',NULL,1,'0.0010'),(1172,1,'null',1903467790,'2021-04-09 23:29:06','/wuage/systemUser/login',NULL,'{\"loginName\":[\"test\"],\"password\":[\"123456\"],\"captcha\":[\"56na\"],\"rememberMe\":[\"false\"]}','test','com.wuage.framework.exception.customize.CaptchaException: 验证码不正确！','用户登录',NULL,1,'0.0010'),(1173,1,'null',1903467790,'2021-04-09 23:29:07','/wuage/systemUser/login',NULL,'{\"loginName\":[\"test\"],\"password\":[\"123456\"],\"captcha\":[\"56na\"],\"rememberMe\":[\"false\"]}','test','com.wuage.framework.exception.customize.CaptchaException: 验证码不正确！','用户登录',NULL,1,'0.0010'),(1174,1,'null',1903467790,'2021-04-09 23:29:08','/wuage/systemUser/login',NULL,'{\"loginName\":[\"test\"],\"password\":[\"123456\"],\"captcha\":[\"56na\"],\"rememberMe\":[\"false\"]}','test','com.wuage.framework.exception.customize.CaptchaException: 验证码不正确！','用户登录',NULL,1,'0.0010'),(1175,1,'null',1903467790,'2021-04-09 23:30:24','/wuage/systemUser/login',NULL,'{\"loginName\":[\"test\"],\"password\":[\"123456\"],\"captcha\":[\"56na\"],\"rememberMe\":[\"false\"]}','test','com.wuage.framework.exception.customize.CaptchaException: 验证码不正确！','用户登录',NULL,1,'0.0000'),(1176,1,'null',3071155614,'2021-04-25 10:11:34','/wuage/systemUser/login',NULL,'{\"loginName\":[\"test\"],\"password\":[\"123456\"],\"captcha\":[\"1233\"],\"rememberMe\":[\"false\"]}','test','com.wuage.framework.exception.customize.CaptchaException: 验证码不正确！','用户登录',NULL,1,'0.0010'),(1177,1,'null',3071155614,'2021-04-25 10:11:42','/wuage/systemUser/login',NULL,'{\"loginName\":[\"test\"],\"password\":[\"123456\"],\"captcha\":[\"1233\"],\"rememberMe\":[\"false\"]}','test','com.wuage.framework.exception.customize.CaptchaException: 验证码不正确！','用户登录',NULL,1,'0.0010'),(1178,1,'null',3071155614,'2021-04-25 10:11:49','/wuage/systemUser/login',NULL,'{\"loginName\":[\"test\"],\"password\":[\"123456\"],\"captcha\":[\"1233\"],\"rememberMe\":[\"false\"]}','test','com.wuage.framework.exception.customize.CaptchaException: 验证码不正确！','用户登录',NULL,1,'0.0000'),(1179,1,'null',1901559854,'2021-04-28 22:26:13','/wuage/systemUser/login',NULL,'{\"loginName\":[\"test\"],\"password\":[\"123456\"],\"captcha\":[\"anv5\"],\"rememberMe\":[\"false\"]}','test','com.wuage.framework.exception.customize.CaptchaException: 验证码不正确！','用户登录',NULL,1,'0.0660'),(1180,1,'{\"code\":\"0\",\"msg\":\"success\"}',1901559854,'2021-04-28 22:26:20','/wuage/systemUser/login',NULL,'{\"loginName\":[\"test\"],\"password\":[\"123456\"],\"captcha\":[\"n8cg\"],\"rememberMe\":[\"false\"]}','test','','用户登录',NULL,0,'0.0890'),(1181,1,'{\"code\":\"0\",\"msg\":\"success\"}',3232238083,'2021-04-29 20:54:32','/wuage/systemUser/login',NULL,'{\"loginName\":[\"test\"],\"password\":[\"123456\"],\"captcha\":[\"3y3a\"],\"rememberMe\":[\"false\"]}','test','','用户登录',NULL,0,'0.1580'),(1182,2,'{\"code\":\"1\",\"msg\":\"没有锁定超级管理员的权限！\"}',3232238083,'2021-04-29 20:55:26','/wuage/system/user/locked',NULL,'{\"userId\":[\"1\"],\"lockedStatus\":[\"1\"]}','test','','锁定用户',20,0,'0.0090'),(1183,1,'{\"code\":\"0\",\"msg\":\"success\"}',3232238083,'2021-05-06 20:37:30','/wuage/systemUser/login',NULL,'{\"loginName\":[\"test\"],\"password\":[\"123456\"],\"captcha\":[\"37ec\"],\"rememberMe\":[\"false\"]}','test','','用户登录',NULL,0,'0.2790'),(1184,1,'null',3232238083,'2021-05-06 20:40:02','/wuage/systemUser/login',NULL,'{\"loginName\":[\"test\"],\"password\":[\"123456\"],\"captcha\":[\"fff\"],\"rememberMe\":[\"false\"]}','test','com.wuage.framework.exception.customize.CaptchaException: 验证码不正确！','用户登录',NULL,1,'0.0010'),(1185,1,'null',3232238083,'2021-05-06 20:40:03','/wuage/systemUser/login',NULL,'{\"loginName\":[\"test\"],\"password\":[\"123456\"],\"captcha\":[\"fff\"],\"rememberMe\":[\"false\"]}','test','com.wuage.framework.exception.customize.CaptchaException: 验证码不正确！','用户登录',NULL,1,'0.0010'),(1186,1,'{\"code\":\"0\",\"msg\":\"success\"}',3232238083,'2021-05-14 14:38:59','/wuage/systemUser/login',NULL,'{\"password\":[\"123456\"],\"captcha\":[\"anpw\"],\"loginName\":[\"test\"],\"rememberMe\":[\"false\"]}','test','','用户登录',NULL,0,'0.1390'),(1187,2,'{\"code\":\"0\",\"msg\":\"success\"}',3232238083,'2021-05-14 14:39:16','/wuage/system/departments',NULL,'{\"deptName\":[\"dd\"],\"leader\":[\"dd\"],\"parentName\":[\"生产部\"],\"deptParentId\":[\"5\"],\"phone\":[\"12312321313\"]}','test','','添加部门',20,0,'0.0840'),(1188,1,'{\"code\":\"0\",\"msg\":\"success\"}',3232238083,'2021-05-15 15:20:46','/wuage/systemUser/login',NULL,'{\"password\":[\"123456\"],\"captcha\":[\"xn4e\"],\"loginName\":[\"test\"],\"rememberMe\":[\"false\"]}','test','','用户登录',NULL,0,'0.1780');
/*!40000 ALTER TABLE `sys_log` ENABLE KEYS */;
UNLOCK TABLES;

--
-- Table structure for table `sys_menu`
--

DROP TABLE IF EXISTS `sys_menu`;
/*!40101 SET @saved_cs_client     = @@character_set_client */;
/*!40101 SET character_set_client = utf8 */;
CREATE TABLE `sys_menu` (
                            `menu_id` int(11) NOT NULL AUTO_INCREMENT COMMENT '菜单id',
                            `menu_name` varchar(30) DEFAULT NULL COMMENT '菜单名称',
                            `type` tinyint(4) DEFAULT NULL COMMENT '菜单类型',
                            `icon` varchar(255) DEFAULT NULL COMMENT '菜单图标',
                            `url` varchar(255) DEFAULT NULL COMMENT '菜单地址',
                            `order_number` int(11) DEFAULT NULL COMMENT '排序序号',
                            `status` tinyint(4) DEFAULT NULL COMMENT '状态',
                            `parent_id` int(11) DEFAULT NULL COMMENT '父菜单id',
                            `creater` varchar(30) DEFAULT NULL COMMENT '创建者',
                            `ctime` timestamp NOT NULL DEFAULT CURRENT_TIMESTAMP ON UPDATE CURRENT_TIMESTAMP COMMENT '创建时间',
                            `update_by` varchar(30) NOT NULL DEFAULT '0000-00-00 00:00:00' COMMENT '更新者',
                            `update_time` timestamp NULL DEFAULT NULL COMMENT '更新时间',
                            `permission` varchar(60) DEFAULT '' COMMENT '权限字符串',
                            `component_path` varchar(255) DEFAULT NULL COMMENT '组件路径',
                            `hasChildren` tinyint(1) DEFAULT '0' COMMENT '是否有子菜单（按钮不算）',
                            PRIMARY KEY (`menu_id`) USING BTREE
) ENGINE=InnoDB AUTO_INCREMENT=23 DEFAULT CHARSET=utf8 ROW_FORMAT=COMPACT COMMENT='系统菜单';
/*!40101 SET character_set_client = @saved_cs_client */;

--
-- Dumping data for table `sys_menu`
--

LOCK TABLES `sys_menu` WRITE;
/*!40000 ALTER TABLE `sys_menu` DISABLE KEYS */;
INSERT INTO `sys_menu` VALUES (1,'系统管理',1,'list','/system/manage',1,1,0,'admin','2020-08-27 11:42:37','电饭锅后海','2020-10-04 07:40:27','system:manage:view','layout',1),(2,'用户管理',2,'user','/user/manage',1,1,1,'admin','2020-03-12 07:32:24','','0000-00-00 00:00:00','system:user:view','system/user/index',1),(3,'角色管理',2,'people','/role/manage',2,1,1,'admin','2020-03-12 07:32:24','aa','2020-09-04 00:28:51','system:role:view','system/role/role-manage',1),(4,'菜单管理',2,'component','/menu/manage',4,1,1,'admin','2020-03-12 07:32:24','aa','2020-09-04 00:19:01','system:menu:view','system/menu/menu-manage',1),(5,'部门管理',2,'tree','/dept/manage',3,1,1,'admin','2020-03-12 07:32:24','aa','2020-09-04 00:18:53','system:dept:view','system/dept/dept-manage',1),(6,'添加用户',3,NULL,NULL,1,1,2,'admin','2020-06-15 06:00:37','','0000-00-00 00:00:00','system:user:add',NULL,0),(7,'删除用户',3,NULL,NULL,2,1,2,'admin','2020-03-12 07:32:24','','0000-00-00 00:00:00','system:user:delete',NULL,0),(8,'更新用户',3,NULL,NULL,3,1,2,'admin','2020-03-12 07:32:24','','0000-00-00 00:00:00','system:user:update',NULL,0),(9,'添加角色',3,NULL,NULL,1,1,3,'admin','2020-03-12 07:32:24','','0000-00-00 00:00:00','system:role:add',NULL,0),(10,'删除角色',3,NULL,NULL,2,1,3,'admin','2020-03-12 07:32:24','','0000-00-00 00:00:00','system:role:delete',NULL,0),(11,'更新角色',3,NULL,NULL,3,1,3,'admin','2020-03-12 07:32:24','','0000-00-00 00:00:00','system:role:update',NULL,0),(12,'添加菜单',3,NULL,NULL,1,1,4,'admin','2020-03-12 07:32:24','','0000-00-00 00:00:00','system:menu:add',NULL,0),(13,'删除菜单',3,NULL,NULL,2,1,4,'admin','2020-03-12 07:32:25','','0000-00-00 00:00:00','system:menu:delete',NULL,0),(14,'更新菜单',3,NULL,NULL,3,1,4,'admin','2020-03-12 07:32:25','','0000-00-00 00:00:00','system:menu:update',NULL,0),(15,'添加部门',3,NULL,NULL,1,1,5,'admin','2020-03-12 07:32:25','','0000-00-00 00:00:00','system:dept:add',NULL,0),(16,'删除部门',3,NULL,NULL,2,1,5,'admin','2020-03-12 07:32:25','','0000-00-00 00:00:00','system:dept:delete',NULL,0),(17,'更新部门',3,NULL,NULL,3,1,5,'admin','2020-03-12 07:32:25','','0000-00-00 00:00:00','system:dept:update',NULL,0),(19,'系统设置',2,'setting','/sysconfig/sysconfig-manage',10,1,1,'电饭锅后海','2020-10-04 07:38:07','测试','2020-10-12 11:18:31','system:config:view','system/sysconfig/sysconfig-manage',1),(20,'系统日志',2,'education','/syslog/syslog',6,1,1,'电饭锅后海','2020-10-08 17:50:26','电饭锅后海','2020-10-08 17:50:56','system:log:view','system/syslog/sys-log',0),(21,'更改参数',3,NULL,NULL,1,1,19,'测试','2020-10-09 05:39:08','0000-00-00 00:00:00',NULL,'system:config:update',NULL,0),(22,'锁定用户',3,NULL,NULL,1,1,2,'超级管理员','2020-10-09 06:08:01','0000-00-00 00:00:00',NULL,'system:user:lock',NULL,0);
/*!40000 ALTER TABLE `sys_menu` ENABLE KEYS */;
UNLOCK TABLES;

--
-- Table structure for table `sys_role`
--

DROP TABLE IF EXISTS `sys_role`;
/*!40101 SET @saved_cs_client     = @@character_set_client */;
/*!40101 SET character_set_client = utf8 */;
CREATE TABLE `sys_role` (
                            `role_id` int(11) NOT NULL AUTO_INCREMENT COMMENT '角色id',
                            `role_name` varchar(30) DEFAULT NULL COMMENT '角色名称',
                            `creater` varchar(30) DEFAULT NULL COMMENT '创建者',
                            `ctime` timestamp NOT NULL DEFAULT CURRENT_TIMESTAMP ON UPDATE CURRENT_TIMESTAMP COMMENT '创建时间',
                            `update_by` varchar(30) DEFAULT NULL COMMENT '更新者',
                            `update_time` timestamp NOT NULL DEFAULT '0000-00-00 00:00:00' COMMENT '更新时间',
                            `remark` varchar(500) DEFAULT '' COMMENT '备注',
                            `status` tinyint(4) NOT NULL DEFAULT '0' COMMENT '角色状态',
                            `role_code` varchar(60) DEFAULT '' COMMENT '角色代码',
                            `data_range` int(8) NOT NULL COMMENT '角色数据范围',
                            `role_type` tinyint(2) DEFAULT '0' COMMENT '角色类型',
                            PRIMARY KEY (`role_id`) USING BTREE
) ENGINE=InnoDB AUTO_INCREMENT=12 DEFAULT CHARSET=utf8 ROW_FORMAT=COMPACT COMMENT='系统角色';
/*!40101 SET character_set_client = @saved_cs_client */;

--
-- Dumping data for table `sys_role`
--

LOCK TABLES `sys_role` WRITE;
/*!40000 ALTER TABLE `sys_role` DISABLE KEYS */;
INSERT INTO `sys_role` VALUES (1,'超级管理员',NULL,'2020-08-21 17:33:18','admin','2020-08-20 08:21:51','',1,'SUPER_ADMIN',4,1),(11,'测试员','admin','2020-10-09 03:09:16','admin','2020-10-16 11:34:23','',1,'TEST',4,0);
/*!40000 ALTER TABLE `sys_role` ENABLE KEYS */;
UNLOCK TABLES;

--
-- Table structure for table `sys_role_menu`
--

DROP TABLE IF EXISTS `sys_role_menu`;
/*!40101 SET @saved_cs_client     = @@character_set_client */;
/*!40101 SET character_set_client = utf8 */;
CREATE TABLE `sys_role_menu` (
                                 `role_id` int(11) NOT NULL COMMENT '角色id',
                                 `menu_id` int(11) NOT NULL COMMENT '菜单id',
                                 PRIMARY KEY (`role_id`,`menu_id`) USING BTREE
) ENGINE=InnoDB DEFAULT CHARSET=utf8 ROW_FORMAT=COMPACT COMMENT='角色菜单关系表';
/*!40101 SET character_set_client = @saved_cs_client */;

--
-- Dumping data for table `sys_role_menu`
--

LOCK TABLES `sys_role_menu` WRITE;
/*!40000 ALTER TABLE `sys_role_menu` DISABLE KEYS */;
INSERT INTO `sys_role_menu` VALUES (5,3),(5,9),(5,10),(5,11),(11,1),(11,2),(11,3),(11,4),(11,5),(11,6),(11,7),(11,8),(11,9),(11,11),(11,12),(11,14),(11,15),(11,16),(11,17),(11,19),(11,20),(11,22);
/*!40000 ALTER TABLE `sys_role_menu` ENABLE KEYS */;
UNLOCK TABLES;

--
-- Table structure for table `sys_user`
--

DROP TABLE IF EXISTS `sys_user`;
/*!40101 SET @saved_cs_client     = @@character_set_client */;
/*!40101 SET character_set_client = utf8 */;
CREATE TABLE `sys_user` (
                            `user_id` int(11) NOT NULL AUTO_INCREMENT COMMENT '用户ID',
                            `login_name` varchar(30) DEFAULT NULL COMMENT '登录名',
                            `password` varchar(64) DEFAULT NULL COMMENT '密码',
                            `username` varchar(30) DEFAULT NULL COMMENT '昵称',
                            `avatar` varchar(255) DEFAULT NULL COMMENT '头像',
                            `sex` tinyint(4) DEFAULT '3' COMMENT '性别 1男 2女 3不确定',
                            `phone` varchar(20) DEFAULT NULL COMMENT '电话',
                            `ctime` timestamp NOT NULL DEFAULT CURRENT_TIMESTAMP ON UPDATE CURRENT_TIMESTAMP COMMENT '创建时间',
                            `last_login_time` timestamp NOT NULL DEFAULT '0000-00-00 00:00:00' COMMENT '上次登录时间',
                            `locked` tinyint(4) DEFAULT '0' COMMENT '锁定状态 0 未锁定 1 管理员锁定 2 输错密码锁定',
                            `salt` varchar(64) DEFAULT NULL COMMENT '加密盐值',
                            `dept_id` int(11) DEFAULT NULL COMMENT '部门id',
                            `creater` varchar(30) DEFAULT NULL COMMENT '创建者',
                            `update_by` varchar(30) DEFAULT NULL COMMENT '更新者',
                            `update_time` timestamp NOT NULL DEFAULT '0000-00-00 00:00:00' COMMENT '更新时间',
                            `remark` varchar(500) DEFAULT '' COMMENT '备注',
                            `lock_time` timestamp NOT NULL DEFAULT '0000-00-00 00:00:00' COMMENT '锁定时间',
                            PRIMARY KEY (`user_id`) USING BTREE
) ENGINE=InnoDB AUTO_INCREMENT=21 DEFAULT CHARSET=utf8 ROW_FORMAT=COMPACT COMMENT='系统用户';
/*!40101 SET character_set_client = @saved_cs_client */;

--
-- Dumping data for table `sys_user`
--

LOCK TABLES `sys_user` WRITE;
/*!40000 ALTER TABLE `sys_user` DISABLE KEYS */;
INSERT INTO `sys_user` VALUES (1,'admin','1d7feac4ffb4d3ebab3f2d292a3b2009','超级管理员','asd',1,'13865456541','2020-10-15 09:06:03','2019-12-13 03:54:51',0,'yeepaf9n',8,NULL,'test','2020-10-09 03:09:25',NULL,'2020-10-08 17:47:12'),(17,'d','b40ac74c2303da4f7457b537dcace57c','dd',NULL,1,'12312','2020-08-27 16:45:11','0000-00-00 00:00:00',0,'9sdrb2al',7,'aa','d','2020-08-27 16:45:12','','0000-00-00 00:00:00'),(20,'test','0c6bed1cd8cce266ecec4c00a10cbe50','测试',NULL,1,'13665554551','2021-03-17 12:10:03','0000-00-00 00:00:00',0,'kshdda0s',6,'电饭锅后海','admin','2020-10-16 11:33:16','','0000-00-00 00:00:00');
/*!40000 ALTER TABLE `sys_user` ENABLE KEYS */;
UNLOCK TABLES;

--
-- Table structure for table `sys_user_role`
--

DROP TABLE IF EXISTS `sys_user_role`;
/*!40101 SET @saved_cs_client     = @@character_set_client */;
/*!40101 SET character_set_client = utf8 */;
CREATE TABLE `sys_user_role` (
                                 `user_id` int(11) NOT NULL COMMENT '用户id',
                                 `role_id` int(11) NOT NULL COMMENT '角色id',
                                 PRIMARY KEY (`user_id`,`role_id`) USING BTREE
) ENGINE=InnoDB DEFAULT CHARSET=utf8 ROW_FORMAT=COMPACT COMMENT='用户角色表';
/*!40101 SET character_set_client = @saved_cs_client */;

--
-- Dumping data for table `sys_user_role`
--

LOCK TABLES `sys_user_role` WRITE;
/*!40000 ALTER TABLE `sys_user_role` DISABLE KEYS */;
INSERT INTO `sys_user_role` VALUES (1,1),(17,11),(17,12),(20,11);
/*!40000 ALTER TABLE `sys_user_role` ENABLE KEYS */;
UNLOCK TABLES;
/*!40103 SET TIME_ZONE=@OLD_TIME_ZONE */;

/*!40101 SET SQL_MODE=@OLD_SQL_MODE */;
/*!40014 SET FOREIGN_KEY_CHECKS=@OLD_FOREIGN_KEY_CHECKS */;
/*!40014 SET UNIQUE_CHECKS=@OLD_UNIQUE_CHECKS */;
/*!40101 SET CHARACTER_SET_CLIENT=@OLD_CHARACTER_SET_CLIENT */;
/*!40101 SET CHARACTER_SET_RESULTS=@OLD_CHARACTER_SET_RESULTS */;
/*!40101 SET COLLATION_CONNECTION=@OLD_COLLATION_CONNECTION */;
/*!40111 SET SQL_NOTES=@OLD_SQL_NOTES */;

-- Dump completed on 2021-06-29  7:14:11
